user_id,product_id,rating
10000,P100228,3
10000,P100293,2
10001,P100141,2
10001,P100172,2
10001,P100268,2
10001,P100330,2
10001,P100440,2
10001,P100492,2
10002,P100002,4
10002,P100014,1
10002,P100344,2
10002,P100381,2
10003,P100058,2
10003,P100066,3
10003,P100089,2
10003,P100133,2
10003,P100304,3
10003,P100453,3
10004,P100280,2
10004,P100485,2
10005,P100100,3
10005,P100158,2
10005,P100403,3
10005,P100420,4
10005,P100436,3
10006,P100184,3
10006,P100200,3
10006,P100481,2
10007,P100043,3
10007,P100331,2
10008,P100025,2
10008,P100129,3
10008,P100154,3
10008,P100179,2
10008,P100220,2
10009,P100014,2
10009,P100022,3
10009,P100269,4
10009,P100270,2
10009,P100320,4
10009,P100475,3
10010,P100022,1
10010,P100229,2
10010,P100486,2
10011,P100020,2
10011,P100033,2
10011,P100072,2
10011,P100138,4
10011,P100226,2
10011,P100434,2
10011,P100456,3
10011,P100483,3
10011,P100498,3
10012,P100027,3
10012,P100041,2
10012,P100066,2
10012,P100256,2
10012,P100291,3
10012,P100449,2
10012,P100473,2
10013,P100168,2
10013,P100373,2
10013,P100375,3
10013,P100395,2
10014,P100026,2
10014,P100097,2
10014,P100324,2
10014,P100336,1
10014,P100369,2
10014,P100382,3
10014,P100393,2
10014,P100403,3
10015,P100044,2
10015,P100182,2
10015,P100183,3
10015,P100230,3
10015,P100242,2
10015,P100269,2
10015,P100475,3
10015,P100498,3
10016,P100005,2
10016,P100051,2
10016,P100091,2
10016,P100321,2
10016,P100380,2
10016,P100494,2
10017,P100030,3
10017,P100097,2
10017,P100227,2
10017,P100243,5
10017,P100337,2
10017,P100492,3
10018,P100088,2
10018,P100148,1
10018,P100170,2
10018,P100217,2
10018,P100220,2
10018,P100373,3
10018,P100438,2
10019,P100119,2
10019,P100177,1
10019,P100245,1
10019,P100350,2
10020,P100161,2
10020,P100327,2
10020,P100478,3
10021,P100134,4
10021,P100177,2
10021,P100401,2
10022,P100004,1
10022,P100368,2
10023,P100007,2
10023,P100027,2
10023,P100041,2
10023,P100192,2
10023,P100375,3
10023,P100424,2
10023,P100433,4
10023,P100457,3
10024,P100016,2
10024,P100214,3
10024,P100346,2
10025,P100016,3
10025,P100114,2
10025,P100199,2
10025,P100300,2
10025,P100456,2
10026,P100071,1
10026,P100232,2
10027,P100085,2
10027,P100237,3
10027,P100263,3
10027,P100324,2
10027,P100421,3
10028,P100094,2
10028,P100098,2
10028,P100220,2
10030,P100014,2
10030,P100034,2
10030,P100134,3
10030,P100157,2
10030,P100227,2
10031,P100057,2
10031,P100127,1
10031,P100210,1
10031,P100415,2
10031,P100456,2
10032,P100049,2
10032,P100170,2
10032,P100181,2
10032,P100188,2
10032,P100207,3
10032,P100313,3
10033,P100031,2
10033,P100149,2
10033,P100239,2
10033,P100278,2
10033,P100357,2
10033,P100463,1
10034,P100000,2
10034,P100001,1
10034,P100002,4
10034,P100013,3
10034,P100088,2
10034,P100096,2
10034,P100312,1
10034,P100331,2
10035,P100041,2
10035,P100075,3
10035,P100095,2
10035,P100163,1
10035,P100232,1
10036,P100004,1
10036,P100093,1
10036,P100340,2
10036,P100377,3
10036,P100436,2
10037,P100053,2
10037,P100185,3
10037,P100304,1
10037,P100316,2
10037,P100324,2
10037,P100439,2
10037,P100473,2
10037,P100485,3
10037,P100491,2
10038,P100017,3
10038,P100097,2
10038,P100177,2
10038,P100262,2
10038,P100271,2
10038,P100294,1
10039,P100102,3
10039,P100128,1
10039,P100142,2
10039,P100212,2
10039,P100352,2
10039,P100497,1
10040,P100007,3
10040,P100052,2
10040,P100079,2
10040,P100102,2
10040,P100189,3
10040,P100250,2
10040,P100364,1
10040,P100420,2
10040,P100433,3
10040,P100449,3
10041,P100049,3
10041,P100104,1
10041,P100341,2
10041,P100361,2
10042,P100168,2
10042,P100267,3
10042,P100279,2
10042,P100298,2
10042,P100343,2
10042,P100373,2
10042,P100413,3
10042,P100457,2
10043,P100112,3
10043,P100313,3
10043,P100358,3
10043,P100404,3
10044,P100172,3
10044,P100188,2
10044,P100320,1
10045,P100108,2
10045,P100158,3
10045,P100171,2
10045,P100195,2
10045,P100335,2
10045,P100445,1
10046,P100125,2
10046,P100137,2
10046,P100197,2
10046,P100291,1
10047,P100059,3
10047,P100252,2
10047,P100289,2
10047,P100339,3
10047,P100426,1
10047,P100436,3
10047,P100441,2
10048,P100014,2
10048,P100164,2
10048,P100325,2
10048,P100373,2
10048,P100434,2
10049,P100199,2
10049,P100241,2
10049,P100264,2
10049,P100364,2
10050,P100042,2
10050,P100205,1
10050,P100208,1
10050,P100210,2
10050,P100408,2
10050,P100422,2
10051,P100006,2
10051,P100290,4
10051,P100392,4
10051,P100463,3
10052,P100130,2
10052,P100219,1
10052,P100294,3
10052,P100319,2
10053,P100125,2
10053,P100247,3
10053,P100267,1
10053,P100423,2
10054,P100044,1
10054,P100051,3
10054,P100052,2
10054,P100206,2
10054,P100208,2
10054,P100302,2
10054,P100374,1
10054,P100476,3
10055,P100045,2
10055,P100124,2
10055,P100372,2
10055,P100375,3
10055,P100399,2
10055,P100464,2
10056,P100168,2
10056,P100169,2
10056,P100198,2
10056,P100210,2
10056,P100273,3
10056,P100413,2
10056,P100477,2
10057,P100137,2
10057,P100146,3
10057,P100198,3
10057,P100254,1
10057,P100337,2
10057,P100414,3
10057,P100479,3
10058,P100118,3
10058,P100134,2
10058,P100139,2
10058,P100166,2
10058,P100194,2
10058,P100205,2
10058,P100264,1
10058,P100304,2
10058,P100314,2
10059,P100422,2
10060,P100041,3
10060,P100124,2
10060,P100137,2
10060,P100412,3
10060,P100461,1
10060,P100491,2
10061,P100066,3
10061,P100181,3
10062,P100004,2
10062,P100142,3
10062,P100167,2
10062,P100267,3
10062,P100313,2
10062,P100484,2
10063,P100131,3
10063,P100290,2
10063,P100494,3
10064,P100016,3
10064,P100214,4
10064,P100348,2
10065,P100012,2
10065,P100098,2
10065,P100111,2
10065,P100195,2
10065,P100214,2
10066,P100038,2
10066,P100110,3
10066,P100136,2
10067,P100023,2
10067,P100084,1
10067,P100453,3
10068,P100297,2
10068,P100322,2
10068,P100372,3
10068,P100452,3
10069,P100146,3
10069,P100201,2
10069,P100289,2
10069,P100326,2
10069,P100437,2
10070,P100016,2
10070,P100059,2
10070,P100063,2
10070,P100165,2
10070,P100405,3
10070,P100406,2
10071,P100011,2
10071,P100305,2
10071,P100306,2
10071,P100451,1
10072,P100115,3
10072,P100320,2
10072,P100321,2
10072,P100344,2
10072,P100376,2
10073,P100088,1
10073,P100255,2
10073,P100371,3
10074,P100112,2
10074,P100155,2
10074,P100192,2
10074,P100196,2
10074,P100240,2
10074,P100256,2
10074,P100305,3
10074,P100334,2
10075,P100004,2
10075,P100018,2
10075,P100083,3
10075,P100158,3
10075,P100185,2
10075,P100207,3
10075,P100218,3
10075,P100368,2
10075,P100385,2
10075,P100403,2
10076,P100065,2
10076,P100196,1
10076,P100210,2
10076,P100390,3
10077,P100171,2
10077,P100202,3
10077,P100304,3
10077,P100400,2
10077,P100462,3
10078,P100120,2
10078,P100141,1
10078,P100143,2
10078,P100374,2
10079,P100250,3
10080,P100161,3
10080,P100214,2
10080,P100489,3
10081,P100010,3
10081,P100051,2
10081,P100053,3
10081,P100181,2
10081,P100225,2
10081,P100273,3
10081,P100309,3
10081,P100335,2
10081,P100458,3
10082,P100141,1
10082,P100160,2
10082,P100258,3
10083,P100101,2
10083,P100114,2
10083,P100118,3
10083,P100377,1
10083,P100433,2
10083,P100462,2
10084,P100067,2
10084,P100130,1
10084,P100373,2
10084,P100379,2
10084,P100462,2
10085,P100062,2
10085,P100116,2
10085,P100177,1
10085,P100181,2
10085,P100193,3
10085,P100275,2
10085,P100360,2
10086,P100145,4
10086,P100306,2
10086,P100329,2
10086,P100451,3
10087,P100022,2
10087,P100133,3
10087,P100400,3
10088,P100023,1
10088,P100129,2
10088,P100265,3
10088,P100385,4
10088,P100426,2
10088,P100427,3
10088,P100445,3
10089,P100063,3
10089,P100071,3
10089,P100088,3
10089,P100143,3
10089,P100188,1
10089,P100196,3
10089,P100287,3
10089,P100331,2
10089,P100392,2
10089,P100433,3
10089,P100487,3
10090,P100464,1
10090,P100485,1
10091,P100130,2
10091,P100176,3
10091,P100351,2
10091,P100431,2
10091,P100477,2
10092,P100196,2
10092,P100228,1
10092,P100242,3
10092,P100250,1
10092,P100335,2
10093,P100039,1
10093,P100151,3
10093,P100324,3
10094,P100203,3
10094,P100262,1
10094,P100301,2
10095,P100164,2
10095,P100370,3
10095,P100425,2
10096,P100073,3
10096,P100276,2
10096,P100297,3
10096,P100448,2
10097,P100043,2
10097,P100198,1
10097,P100216,3
10097,P100343,2
10097,P100496,2
10098,P100041,3
10098,P100073,2
10098,P100240,1
10098,P100297,3
10098,P100480,3
10098,P100485,3
10099,P100027,3
10099,P100073,2
10099,P100086,2
10099,P100444,2
10099,P100471,1
10099,P100479,2
10100,P100112,3
10100,P100138,2
10100,P100316,3
10100,P100322,3
10100,P100396,2
10101,P100010,3
10101,P100033,3
10101,P100059,3
10101,P100086,2
10101,P100460,1
10102,P100033,3
10102,P100103,2
10102,P100243,2
10102,P100336,2
10103,P100219,2
10103,P100306,2
10103,P100365,3
10104,P100146,2
10104,P100207,1
10105,P100022,2
10105,P100296,3
10106,P100025,2
10106,P100053,2
10106,P100063,2
10106,P100093,4
10106,P100160,3
10106,P100176,2
10106,P100204,2
10106,P100278,2
10106,P100301,2
10107,P100027,2
10107,P100264,3
10107,P100392,2
10108,P100044,2
10108,P100068,2
10108,P100080,1
10108,P100085,3
10108,P100126,2
10108,P100288,2
10108,P100460,3
10108,P100484,3
10109,P100185,2
10109,P100202,2
10109,P100325,1
10109,P100427,2
10109,P100440,2
10109,P100458,3
10110,P100023,3
10110,P100033,2
10110,P100282,2
10110,P100340,2
10110,P100442,2
10111,P100147,3
10111,P100162,3
10111,P100263,3
10112,P100156,3
10112,P100223,3
10112,P100349,2
10113,P100021,3
10113,P100039,3
10113,P100124,2
10113,P100139,2
10113,P100193,2
10113,P100229,3
10113,P100317,2
10113,P100419,3
10113,P100421,1
10113,P100439,2
10113,P100499,2
10114,P100099,3
10114,P100115,3
10114,P100136,3
10114,P100295,2
10114,P100399,3
10114,P100493,2
10115,P100104,3
10115,P100179,1
10115,P100180,3
10115,P100313,1
10115,P100400,3
10116,P100152,3
10116,P100233,3
10116,P100303,2
10116,P100352,1
10117,P100001,1
10117,P100016,2
10117,P100159,1
10117,P100221,3
10117,P100274,2
10117,P100331,3
10118,P100315,3
10119,P100360,2
10119,P100410,1
10120,P100125,3
10120,P100157,2
10120,P100354,3
10120,P100450,2
10121,P100227,2
10121,P100298,2
10121,P100435,3
10121,P100462,2
10122,P100124,2
10122,P100141,2
10122,P100153,2
10122,P100194,2
10122,P100233,3
10122,P100464,3
10122,P100498,2
10123,P100167,2
10123,P100215,3
10123,P100258,2
10123,P100296,1
10123,P100379,2
10123,P100413,3
10123,P100417,3
10124,P100066,3
10124,P100265,2
10124,P100365,2
10124,P100415,2
10125,P100047,3
10125,P100106,1
10125,P100224,2
10125,P100273,2
10125,P100398,2
10125,P100488,2
10126,P100009,3
10126,P100134,2
10126,P100254,2
10126,P100464,2
10127,P100074,2
10127,P100237,2
10127,P100341,2
10127,P100346,2
10127,P100391,2
10127,P100481,3
10128,P100135,2
10128,P100223,3
10128,P100446,2
10129,P100160,3
10129,P100187,2
10129,P100248,3
10129,P100488,3
10130,P100037,3
10130,P100096,2
10130,P100216,2
10130,P100280,2
10131,P100152,3
10131,P100228,3
10131,P100244,2
10131,P100297,2
10131,P100341,2
10131,P100364,2
10131,P100371,3
10132,P100064,2
10132,P100351,2
10132,P100367,2
10132,P100377,3
10132,P100383,1
10132,P100397,2
10132,P100400,3
10132,P100491,1
10133,P100070,2
10134,P100054,2
10134,P100280,2
10134,P100441,3
10134,P100462,2
10135,P100285,1
10135,P100306,3
10135,P100317,2
10136,P100158,3
10136,P100213,1
10136,P100282,2
10136,P100386,2
10136,P100459,2
10137,P100215,3
10137,P100339,2
10138,P100027,3
10138,P100145,2
10138,P100391,2
10139,P100020,2
10139,P100107,2
10139,P100205,3
10139,P100224,2
10139,P100270,2
10139,P100347,1
10139,P100397,2
10140,P100178,2
10140,P100267,3
10140,P100368,2
10140,P100480,2
10141,P100157,2
10141,P100223,1
10141,P100304,1
10141,P100339,2
10142,P100099,1
10142,P100245,2
10142,P100266,2
10142,P100462,3
10143,P100136,3
10143,P100206,2
10143,P100246,2
10143,P100328,2
10143,P100333,1
10143,P100354,2
10143,P100390,2
10144,P100023,1
10144,P100133,2
10144,P100267,1
10144,P100320,2
10144,P100366,2
10144,P100478,3
10145,P100006,2
10145,P100008,3
10145,P100095,2
10145,P100133,2
10145,P100134,3
10145,P100184,1
10145,P100223,3
10145,P100304,3
10145,P100393,2
10145,P100405,3
10145,P100408,1
10145,P100451,2
10146,P100149,2
10146,P100386,2
10146,P100457,2
10147,P100024,2
10147,P100179,3
10147,P100271,2
10147,P100294,2
10148,P100167,2
10148,P100303,3
10148,P100321,2
10149,P100051,2
10149,P100103,2
10149,P100124,2
10149,P100172,3
10149,P100219,2
10149,P100239,1
10149,P100377,3
10149,P100395,3
10149,P100461,2
10150,P100216,2
10150,P100218,2
10151,P100058,2
10151,P100073,2
10151,P100089,2
10151,P100093,2
10151,P100193,2
10151,P100252,3
10151,P100472,3
10152,P100118,1
10152,P100144,2
10152,P100208,3
10152,P100214,3
10152,P100227,2
10152,P100388,2
10152,P100405,3
10153,P100062,1
10153,P100064,3
10153,P100129,2
10153,P100171,1
10153,P100412,3
10153,P100415,1
10153,P100486,3
10154,P100135,2
10154,P100271,2
10154,P100282,2
10155,P100043,2
10155,P100149,2
10155,P100294,1
10155,P100369,2
10155,P100453,2
10156,P100318,3
10156,P100391,3
10157,P100050,3
10157,P100159,2
10157,P100223,2
10157,P100286,2
10157,P100337,2
10158,P100181,2
10158,P100288,2
10158,P100340,2
10159,P100001,3
10159,P100025,3
10159,P100180,1
10159,P100192,2
10159,P100454,2
10159,P100455,3
10160,P100179,2
10160,P100210,3
10160,P100211,2
10160,P100250,2
10160,P100333,3
10160,P100423,2
10160,P100433,2
10161,P100029,2
10161,P100037,2
10161,P100138,2
10161,P100259,2
10161,P100283,2
10161,P100322,3
10162,P100088,2
10162,P100165,2
10162,P100209,3
10162,P100243,2
10162,P100329,3
10162,P100445,2
10163,P100031,2
10163,P100097,3
10163,P100120,3
10163,P100161,3
10163,P100183,2
10163,P100310,2
10163,P100375,2
10163,P100399,2
10164,P100272,3
10164,P100304,2
10164,P100346,3
10165,P100238,2
10165,P100321,3
10165,P100421,1
10165,P100460,2
10165,P100481,3
10166,P100006,2
10166,P100158,2
10166,P100204,1
10166,P100394,3
10166,P100445,3
10166,P100496,3
10167,P100023,3
10167,P100056,2
10167,P100192,2
10167,P100246,1
10167,P100265,1
10167,P100305,2
10167,P100455,1
10168,P100381,2
10168,P100460,4
10169,P100143,2
10169,P100233,1
10169,P100238,2
10169,P100272,3
10169,P100430,2
10170,P100122,2
10170,P100157,2
10170,P100202,2
10170,P100221,2
10170,P100300,1
10170,P100324,3
10170,P100373,3
10170,P100470,3
10170,P100472,2
10171,P100177,3
10171,P100237,1
10171,P100259,3
10171,P100299,2
10171,P100390,3
10171,P100497,3
10172,P100010,2
10172,P100035,1
10172,P100051,2
10172,P100316,3
10172,P100423,1
10174,P100044,2
10174,P100137,2
10174,P100150,1
10174,P100436,1
10174,P100447,3
10174,P100472,1
10175,P100276,3
10175,P100301,2
10175,P100302,2
10175,P100477,1
10175,P100499,3
10176,P100012,3
10176,P100105,2
10176,P100179,1
10176,P100329,2
10176,P100368,2
10176,P100374,1
10177,P100206,1
10177,P100282,3
10177,P100429,1
10178,P100029,2
10178,P100079,1
10178,P100139,2
10178,P100316,2
10178,P100483,3
10179,P100035,2
10179,P100053,2
10179,P100083,2
10179,P100124,2
10179,P100167,3
10179,P100214,4
10179,P100221,2
10179,P100235,3
10180,P100011,1
10180,P100066,2
10180,P100179,2
10180,P100180,3
10180,P100236,2
10180,P100271,3
10181,P100069,3
10181,P100174,3
10181,P100412,2
10182,P100088,3
10182,P100217,2
10182,P100377,2
10182,P100492,2
10183,P100148,3
10183,P100170,3
10183,P100181,2
10183,P100270,1
10183,P100381,2
10184,P100469,3
10184,P100480,3
10185,P100025,2
10185,P100082,3
10185,P100131,2
10185,P100147,3
10185,P100169,2
10185,P100356,2
10185,P100433,3
10186,P100036,1
10186,P100070,2
10186,P100146,3
10186,P100198,1
10186,P100226,2
10186,P100306,3
10186,P100499,2
10187,P100118,2
10187,P100214,3
10188,P100052,3
10188,P100167,2
10188,P100296,2
10188,P100451,3
10189,P100023,2
10189,P100029,3
10189,P100170,1
10189,P100215,2
10190,P100207,4
10190,P100471,3
10191,P100042,2
10191,P100138,2
10191,P100151,2
10191,P100375,2
10191,P100489,1
10192,P100033,2
10192,P100224,2
10192,P100331,2
10193,P100139,2
10193,P100231,3
10193,P100281,2
10193,P100289,2
10194,P100011,2
10194,P100041,2
10194,P100049,2
10194,P100221,2
10194,P100415,2
10194,P100438,3
10195,P100146,3
10195,P100293,2
10195,P100314,2
10195,P100393,1
10196,P100004,2
10196,P100036,3
10196,P100131,2
10196,P100144,1
10196,P100196,2
10197,P100010,2
10197,P100046,2
10197,P100082,2
10197,P100286,2
10197,P100288,3
10197,P100371,2
10197,P100405,2
10197,P100457,2
10198,P100187,2
10198,P100266,3
10198,P100328,2
10199,P100095,2
10199,P100195,2
10199,P100467,2
10199,P100486,3
10200,P100127,2
10200,P100201,2
10200,P100231,2
10200,P100274,2
10201,P100014,2
10201,P100305,2
10201,P100364,2
10202,P100001,1
10202,P100078,2
10202,P100081,2
10202,P100170,2
10202,P100173,1
10202,P100255,4
10202,P100295,3
10202,P100305,1
10202,P100416,2
10202,P100426,2
10202,P100452,2
10203,P100085,2
10203,P100226,3
10203,P100426,3
10203,P100465,2
10204,P100327,1
10204,P100440,2
10205,P100049,2
10205,P100142,3
10205,P100153,2
10205,P100246,2
10205,P100276,2
10205,P100400,2
10206,P100122,3
10206,P100340,2
10206,P100351,1
10207,P100065,2
10207,P100139,3
10207,P100244,2
10207,P100398,2
10207,P100490,1
10208,P100372,3
10208,P100458,1
10208,P100469,2
10208,P100498,2
10209,P100171,2
10209,P100185,1
10209,P100238,3
10209,P100243,2
10209,P100329,1
10209,P100356,2
10209,P100386,2
10210,P100082,3
10210,P100274,2
10210,P100431,2
10211,P100032,1
10211,P100065,4
10211,P100240,3
10211,P100300,2
10212,P100118,2
10212,P100146,2
10212,P100294,3
10212,P100360,2
10212,P100431,2
10212,P100462,2
10213,P100129,3
10213,P100373,1
10213,P100448,3
10213,P100450,3
10213,P100481,3
10214,P100019,3
10214,P100033,3
10214,P100279,3
10214,P100283,3
10214,P100441,2
10214,P100460,2
10215,P100048,2
10215,P100074,3
10215,P100125,1
10215,P100231,3
10215,P100320,2
10215,P100328,2
10216,P100043,2
10216,P100136,2
10216,P100445,3
10217,P100175,3
10217,P100493,3
10218,P100097,3
10218,P100318,2
10218,P100471,2
10219,P100095,2
10219,P100164,1
10219,P100191,2
10219,P100199,2
10219,P100220,2
10219,P100244,2
10219,P100391,2
10221,P100094,2
10221,P100149,3
10221,P100168,3
10221,P100270,2
10221,P100272,3
10221,P100317,2
10221,P100382,2
10222,P100050,2
10222,P100098,3
10222,P100228,3
10222,P100322,2
10222,P100392,3
10222,P100405,2
10223,P100006,2
10223,P100069,2
10223,P100128,2
10223,P100174,3
10223,P100232,2
10223,P100284,2
10223,P100387,2
10223,P100460,2
10224,P100386,2
10225,P100347,2
10225,P100388,1
10225,P100430,2
10226,P100134,3
10226,P100223,2
10227,P100113,3
10227,P100167,2
10227,P100209,3
10227,P100277,2
10227,P100328,2
10228,P100160,2
10228,P100220,2
10228,P100435,2
10228,P100453,3
10228,P100472,3
10229,P100035,3
10229,P100474,2
10230,P100405,2
10231,P100078,2
10231,P100118,2
10231,P100228,3
10231,P100248,3
10231,P100249,1
10231,P100289,2
10231,P100339,2
10232,P100045,3
10232,P100072,1
10232,P100212,2
10232,P100247,2
10232,P100274,3
10232,P100280,2
10232,P100290,3
10232,P100339,2
10232,P100386,3
10233,P100048,2
10233,P100049,2
10233,P100239,2
10233,P100265,3
10233,P100353,2
10234,P100064,2
10234,P100091,3
10234,P100235,2
10234,P100278,3
10234,P100363,2
10235,P100075,3
10235,P100213,2
10235,P100264,1
10235,P100293,2
10235,P100356,3
10235,P100422,3
10236,P100170,3
10236,P100375,3
10236,P100394,3
10236,P100398,4
10236,P100490,1
10237,P100049,2
10237,P100171,2
10237,P100183,3
10237,P100196,3
10237,P100227,2
10237,P100257,2
10237,P100323,3
10237,P100329,2
10238,P100003,2
10238,P100395,1
10238,P100465,2
10238,P100482,2
10239,P100259,3
10239,P100282,3
10240,P100002,3
10240,P100013,1
10240,P100193,3
10240,P100384,2
10241,P100151,1
10241,P100215,1
10241,P100353,3
10241,P100421,2
10241,P100486,2
10242,P100133,3
10242,P100207,1
10242,P100267,3
10242,P100392,2
10242,P100462,2
10243,P100007,3
10243,P100012,2
10243,P100164,2
10243,P100204,2
10243,P100240,2
10243,P100262,2
10244,P100273,2
10244,P100275,2
10245,P100071,2
10245,P100078,2
10245,P100108,3
10245,P100125,2
10245,P100217,1
10245,P100425,1
10245,P100447,3
10246,P100158,2
10246,P100322,2
10246,P100394,1
10247,P100179,2
10247,P100233,3
10247,P100252,1
10247,P100301,3
10248,P100015,4
10248,P100021,3
10248,P100119,2
10248,P100271,2
10248,P100316,1
10248,P100364,2
10248,P100491,2
10248,P100499,3
10249,P100025,2
10249,P100042,2
10249,P100077,2
10249,P100082,3
10249,P100174,3
10249,P100219,1
10249,P100319,2
10249,P100368,2
10250,P100101,2
10250,P100147,2
10250,P100171,1
10250,P100191,3
10250,P100205,4
10250,P100380,3
10250,P100436,3
10250,P100485,1
10250,P100490,2
10251,P100063,3
10251,P100206,3
10251,P100301,1
10251,P100395,2
10251,P100429,2
10252,P100155,2
10252,P100202,3
10252,P100230,3
10252,P100387,2
10252,P100401,2
10252,P100429,2
10253,P100156,2
10253,P100275,2
10253,P100286,2
10254,P100116,3
10254,P100125,3
10254,P100319,3
10254,P100326,1
10254,P100453,2
10254,P100460,3
10255,P100003,3
10255,P100311,3
10255,P100332,3
10256,P100068,2
10256,P100196,3
10256,P100438,2
10257,P100000,1
10257,P100091,1
10257,P100239,2
10257,P100263,3
10257,P100314,2
10257,P100404,3
10258,P100063,3
10258,P100081,3
10258,P100106,3
10258,P100127,1
10258,P100129,1
10258,P100226,3
10258,P100249,4
10258,P100303,3
10258,P100329,2
10258,P100436,2
10259,P100040,2
10259,P100050,2
10259,P100063,3
10259,P100087,1
10259,P100245,1
10259,P100313,2
10259,P100366,1
10259,P100386,2
10259,P100425,3
10259,P100426,2
10260,P100144,2
10260,P100233,3
10260,P100328,2
10260,P100342,3
10260,P100369,2
10260,P100394,2
10260,P100439,1
10261,P100112,2
10261,P100214,3
10261,P100260,2
10261,P100311,3
10261,P100367,2
10262,P100210,3
10262,P100232,2
10262,P100307,3
10263,P100000,2
10263,P100037,3
10263,P100157,2
10263,P100217,3
10263,P100240,2
10263,P100335,2
10263,P100422,2
10263,P100423,2
10263,P100490,2
10263,P100493,3
10264,P100000,3
10264,P100012,1
10264,P100408,2
10264,P100487,2
10265,P100047,1
10265,P100084,2
10265,P100261,3
10265,P100422,2
10266,P100152,2
10266,P100191,3
10266,P100412,2
10266,P100490,2
10267,P100022,2
10267,P100083,3
10267,P100174,3
10267,P100257,2
10267,P100343,3
10267,P100426,1
10268,P100004,2
10268,P100174,2
10268,P100446,2
10268,P100468,2
10269,P100002,2
10269,P100122,3
10269,P100214,3
10269,P100215,2
10269,P100365,3
10269,P100384,3
10269,P100416,2
10270,P100087,2
10270,P100093,3
10270,P100143,1
10270,P100215,2
10270,P100264,2
10270,P100282,2
10270,P100306,2
10270,P100330,2
10271,P100116,2
10271,P100213,2
10271,P100369,3
10271,P100464,1
10272,P100114,2
10272,P100119,2
10272,P100137,2
10272,P100175,2
10272,P100178,1
10272,P100206,2
10272,P100213,2
10272,P100364,1
10272,P100367,2
10273,P100102,3
10273,P100259,2
10273,P100282,2
10273,P100333,1
10273,P100381,3
10273,P100436,2
10274,P100042,2
10274,P100090,3
10274,P100386,2
10274,P100480,3
10275,P100001,3
10275,P100300,3
10275,P100345,2
10276,P100146,2
10276,P100190,3
10276,P100206,2
10276,P100274,3
10276,P100282,2
10276,P100355,1
10277,P100142,2
10277,P100330,3
10277,P100333,2
10277,P100483,2
10278,P100029,2
10278,P100332,2
10278,P100334,3
10279,P100217,2
10279,P100290,3
10280,P100157,2
10280,P100285,2
10280,P100386,4
10280,P100415,2
10280,P100470,2
10280,P100481,2
10281,P100385,1
10281,P100450,3
10282,P100347,3
10282,P100391,2
10282,P100393,3
10282,P100399,2
10282,P100473,3
10282,P100497,2
10283,P100070,3
10283,P100138,2
10283,P100283,2
10283,P100298,3
10283,P100392,2
10284,P100013,3
10284,P100081,3
10284,P100083,3
10284,P100132,1
10284,P100151,2
10284,P100222,2
10284,P100225,2
10285,P100055,2
10285,P100138,2
10285,P100371,2
10285,P100403,2
10285,P100455,1
10286,P100106,2
10286,P100122,2
10286,P100238,2
10286,P100272,2
10286,P100293,3
10286,P100306,3
10286,P100419,2
10286,P100426,1
10286,P100492,2
10287,P100052,3
10287,P100080,2
10287,P100141,3
10287,P100301,3
10287,P100365,2
10287,P100374,2
10287,P100480,2
10288,P100017,2
10288,P100059,3
10288,P100081,1
10288,P100256,2
10288,P100300,3
10288,P100380,2
10288,P100413,2
10288,P100488,3
10289,P100006,3
10289,P100230,2
10289,P100245,1
10289,P100250,2
10289,P100325,2
10289,P100337,2
10289,P100482,1
10289,P100486,3
10290,P100235,3
10290,P100400,3
10290,P100451,5
10291,P100178,3
10291,P100326,3
10291,P100338,1
10291,P100483,3
10292,P100330,2
10292,P100400,2
10293,P100029,2
10293,P100205,2
10293,P100280,2
10293,P100339,2
10293,P100464,2
10294,P100177,1
10294,P100226,1
10294,P100268,3
10294,P100404,3
10294,P100413,2
10294,P100489,2
10295,P100165,3
10295,P100198,2
10296,P100037,2
10296,P100043,3
10296,P100140,1
10296,P100259,2
10296,P100308,2
10296,P100334,2
10297,P100065,3
10297,P100157,3
10297,P100240,3
10297,P100253,3
10297,P100325,1
10297,P100341,2
10297,P100467,1
10298,P100181,1
10298,P100400,3
10298,P100452,3
10298,P100478,2
10299,P100054,2
10299,P100195,2
10299,P100212,1
10299,P100228,2
10299,P100293,3
10299,P100363,2
10299,P100396,3
10299,P100482,2
10300,P100112,2
10300,P100180,3
10300,P100199,3
10300,P100204,2
10300,P100250,1
10300,P100268,3
10300,P100458,3
10300,P100473,3
10301,P100056,2
10301,P100153,2
10301,P100317,3
10301,P100355,3
10301,P100366,3
10301,P100452,1
10302,P100169,3
10302,P100450,1
10303,P100023,3
10303,P100072,2
10303,P100198,2
10304,P100012,3
10304,P100079,3
10305,P100431,2
10305,P100480,2
10306,P100072,2
10306,P100159,2
10306,P100238,1
10306,P100362,2
10306,P100370,2
10307,P100056,2
10307,P100059,3
10307,P100115,2
10308,P100032,3
10308,P100106,2
10308,P100108,3
10308,P100498,2
10309,P100100,3
10309,P100286,3
10309,P100299,1
10309,P100440,3
10310,P100185,2
10310,P100242,2
10310,P100343,2
10310,P100393,2
10310,P100482,2
10311,P100051,2
10311,P100187,3
10311,P100197,2
10311,P100356,2
10311,P100370,2
10311,P100488,2
10312,P100258,2
10312,P100278,3
10312,P100283,3
10312,P100306,2
10312,P100358,3
10312,P100421,2
10312,P100423,3
10312,P100448,2
10312,P100466,2
10313,P100000,2
10313,P100002,2
10313,P100063,3
10313,P100120,2
10313,P100165,2
10313,P100338,2
10313,P100443,3
10314,P100044,1
10314,P100056,1
10314,P100141,3
10314,P100320,2
10314,P100357,3
10314,P100405,1
10314,P100462,2
10315,P100435,2
10315,P100457,2
10316,P100090,3
10316,P100133,2
10316,P100247,2
10316,P100326,2
10316,P100384,1
10316,P100457,2
10316,P100459,2
10317,P100072,1
10317,P100153,1
10317,P100195,2
10317,P100198,3
10317,P100205,3
10317,P100229,3
10317,P100353,1
10318,P100232,2
10318,P100419,3
10319,P100211,2
10319,P100220,2
10319,P100249,2
10319,P100286,3
10319,P100453,2
10320,P100147,3
10320,P100253,2
10321,P100055,1
10321,P100211,3
10321,P100215,4
10321,P100224,2
10321,P100294,2
10321,P100419,3
10322,P100045,3
10322,P100074,1
10322,P100389,2
10322,P100415,3
10322,P100438,1
10323,P100160,3
10323,P100189,3
10323,P100378,3
10323,P100427,3
10323,P100473,3
10324,P100007,2
10324,P100030,2
10324,P100052,2
10324,P100168,3
10324,P100266,3
10324,P100345,2
10324,P100401,3
10324,P100408,2
10325,P100072,2
10325,P100134,2
10325,P100155,2
10325,P100458,2
10325,P100474,2
10326,P100001,3
10326,P100006,3
10326,P100092,2
10326,P100127,2
10326,P100152,2
10326,P100205,2
10327,P100020,3
10327,P100067,2
10327,P100088,2
10327,P100096,2
10327,P100351,2
10327,P100353,3
10328,P100040,2
10328,P100095,3
10328,P100143,2
10328,P100180,1
10328,P100299,1
10328,P100423,2
10328,P100497,3
10329,P100032,3
10329,P100080,2
10329,P100116,2
10329,P100128,2
10329,P100166,1
10329,P100270,2
10329,P100285,3
10329,P100386,2
10330,P100023,2
10330,P100197,2
10330,P100225,2
10330,P100303,1
10330,P100327,2
10330,P100448,2
10331,P100005,3
10331,P100042,3
10331,P100068,1
10331,P100100,3
10331,P100358,2
10331,P100392,1
10331,P100498,2
10332,P100009,2
10332,P100034,2
10332,P100198,3
10332,P100261,2
10332,P100268,1
10332,P100351,2
10333,P100463,2
10333,P100485,2
10334,P100181,2
10334,P100195,3
10334,P100217,2
10334,P100499,3
10335,P100142,3
10335,P100196,2
10335,P100326,2
10335,P100344,3
10335,P100497,2
10336,P100043,2
10336,P100052,3
10336,P100127,2
10336,P100151,3
10336,P100163,2
10336,P100392,2
10336,P100468,2
10337,P100000,2
10338,P100160,2
10338,P100200,2
10338,P100263,3
10338,P100307,2
10338,P100317,2
10338,P100319,2
10338,P100320,2
10338,P100412,2
10338,P100431,2
10339,P100075,2
10339,P100082,2
10339,P100187,2
10339,P100459,2
10339,P100470,2
10340,P100267,1
10340,P100300,4
10340,P100385,1
10340,P100462,3
10341,P100003,3
10341,P100094,2
10341,P100150,3
10342,P100140,2
10342,P100163,3
10342,P100255,2
10342,P100407,2
10342,P100481,3
10343,P100030,2
10343,P100141,2
10343,P100149,3
10343,P100193,2
10343,P100231,3
10344,P100020,2
10344,P100148,2
10344,P100258,2
10344,P100353,2
10344,P100389,2
10344,P100412,3
10345,P100200,2
10345,P100290,2
10345,P100295,2
10345,P100323,3
10346,P100026,2
10346,P100141,3
10346,P100292,2
10346,P100337,1
10346,P100390,3
10347,P100023,3
10347,P100107,1
10348,P100368,3
10348,P100380,2
10348,P100465,2
10348,P100499,2
10349,P100042,2
10349,P100075,3
10349,P100099,3
10350,P100154,2
10350,P100159,3
10350,P100202,2
10350,P100312,2
10350,P100345,1
10350,P100410,2
10350,P100474,3
10350,P100480,1
10351,P100067,2
10351,P100130,1
10351,P100263,2
10351,P100274,2
10351,P100303,2
10351,P100457,1
10351,P100492,1
10352,P100124,2
10352,P100192,3
10352,P100225,2
10352,P100229,1
10352,P100292,3
10353,P100013,2
10353,P100198,3
10353,P100220,2
10353,P100289,2
10353,P100303,2
10353,P100359,1
10353,P100374,2
10353,P100491,2
10354,P100037,2
10354,P100040,1
10354,P100144,3
10354,P100240,3
10354,P100307,2
10354,P100415,2
10355,P100028,3
10355,P100061,3
10355,P100177,2
10355,P100363,3
10355,P100364,2
10355,P100414,2
10355,P100459,3
10355,P100468,1
10356,P100004,2
10356,P100178,2
10356,P100195,2
10356,P100222,2
10356,P100301,2
10356,P100381,3
10356,P100451,3
10357,P100125,2
10357,P100296,3
10357,P100376,3
10357,P100456,2
10358,P100112,2
10358,P100187,3
10358,P100271,2
10359,P100082,2
10359,P100124,3
10359,P100138,1
10359,P100325,2
10359,P100440,1
10359,P100473,3
10360,P100043,3
10360,P100225,2
10360,P100245,3
10360,P100308,3
10360,P100388,3
10360,P100427,1
10360,P100477,3
10361,P100129,1
10361,P100243,2
10361,P100293,2
10361,P100387,2
10361,P100447,2
10361,P100468,2
10361,P100469,2
10362,P100039,3
10362,P100269,3
10362,P100274,3
10362,P100372,2
10362,P100421,1
10362,P100426,2
10362,P100452,2
10363,P100335,3
10363,P100376,3
10363,P100483,3
10363,P100489,2
10364,P100000,1
10364,P100014,2
10364,P100052,1
10364,P100085,3
10364,P100123,3
10364,P100142,2
10364,P100499,3
10365,P100090,3
10365,P100388,2
10366,P100140,1
10366,P100274,3
10366,P100492,3
10367,P100200,3
10367,P100436,1
10367,P100473,2
10368,P100050,2
10368,P100117,2
10368,P100129,1
10368,P100329,2
10368,P100396,2
10369,P100150,2
10369,P100152,2
10369,P100205,2
10369,P100234,2
10369,P100336,3
10369,P100345,2
10369,P100407,2
10370,P100028,2
10370,P100256,1
10370,P100294,2
10370,P100328,2
10371,P100084,2
10371,P100126,3
10371,P100241,3
10371,P100317,1
10371,P100320,2
10371,P100401,3
10372,P100035,2
10372,P100103,2
10372,P100110,3
10372,P100209,2
10372,P100415,2
10372,P100495,1
10372,P100497,1
10373,P100015,2
10373,P100044,2
10373,P100487,2
10374,P100088,3
10374,P100125,2
10374,P100144,1
10374,P100322,2
10375,P100082,3
10376,P100341,2
10376,P100376,3
10377,P100030,1
10377,P100179,2
10377,P100238,1
10377,P100486,2
10378,P100073,2
10378,P100396,3
10378,P100491,2
10379,P100071,1
10379,P100175,2
10380,P100127,1
10380,P100149,2
10380,P100232,1
10380,P100345,2
10380,P100445,1
10381,P100109,2
10381,P100138,3
10381,P100146,1
10381,P100353,2
10381,P100406,2
10381,P100497,3
10382,P100021,2
10382,P100076,3
10382,P100204,2
10382,P100276,1
10383,P100033,2
10383,P100048,1
10383,P100075,2
10383,P100418,1
10383,P100453,2
10384,P100017,2
10384,P100149,3
10384,P100265,3
10385,P100232,2
10385,P100268,2
10385,P100388,2
10386,P100135,2
10386,P100237,2
10386,P100432,3
10386,P100439,3
10386,P100496,1
10387,P100030,3
10387,P100120,2
10387,P100182,2
10387,P100223,2
10388,P100031,3
10388,P100091,2
10388,P100111,2
10388,P100296,3
10388,P100341,2
10388,P100377,2
10388,P100452,2
10388,P100478,2
10388,P100487,3
10389,P100073,2
10389,P100102,1
10389,P100184,2
10389,P100450,3
10390,P100022,2
10390,P100058,3
10390,P100087,2
10390,P100186,3
10390,P100242,3
10391,P100037,2
10391,P100038,2
10391,P100044,2
10391,P100144,2
10391,P100182,2
10391,P100424,1
10391,P100446,2
10392,P100183,1
10392,P100251,3
10392,P100386,3
10393,P100036,2
10393,P100059,1
10393,P100100,3
10393,P100267,3
10393,P100362,2
10393,P100367,2
10393,P100408,2
10394,P100290,3
10394,P100483,3
10395,P100102,2
10395,P100134,1
10395,P100304,3
10396,P100013,3
10396,P100080,1
10396,P100084,1
10396,P100111,2
10396,P100187,1
10396,P100248,2
10396,P100263,2
10396,P100454,2
10396,P100456,2
10397,P100079,3
10397,P100098,2
10397,P100099,2
10397,P100261,2
10398,P100170,2
10398,P100254,2
10398,P100287,2
10398,P100417,2
10399,P100197,1
10399,P100302,3
10399,P100323,2
10399,P100397,1
10400,P100066,2
10400,P100141,3
10400,P100173,2
10400,P100388,3
10401,P100003,2
10401,P100070,2
10401,P100225,2
10402,P100108,3
10402,P100183,3
10402,P100306,2
10402,P100394,3
10402,P100435,2
10403,P100099,3
10403,P100102,2
10403,P100132,3
10403,P100170,2
10403,P100197,2
10403,P100274,2
10403,P100308,3
10403,P100330,3
10403,P100335,3
10403,P100401,2
10404,P100020,3
10404,P100043,3
10404,P100267,2
10404,P100343,3
10404,P100353,2
10405,P100146,3
10405,P100160,2
10405,P100248,2
10406,P100258,3
10406,P100382,2
10406,P100472,2
10407,P100018,3
10407,P100159,2
10408,P100029,2
10408,P100162,2
10408,P100164,1
10408,P100375,1
10408,P100496,2
10409,P100015,3
10409,P100112,3
10409,P100144,3
10410,P100016,2
10410,P100019,1
10410,P100158,4
10410,P100334,3
10410,P100498,2
10411,P100062,2
10411,P100074,2
10411,P100383,2
10412,P100131,4
10412,P100152,2
10412,P100246,2
10412,P100319,1
10412,P100359,3
10412,P100379,2
10412,P100391,3
10412,P100407,3
10413,P100030,2
10413,P100259,3
10413,P100404,2
10413,P100447,1
10414,P100081,2
10414,P100170,1
10414,P100217,2
10414,P100304,4
10414,P100326,3
10414,P100481,2
10414,P100484,2
10415,P100042,2
10415,P100144,3
10415,P100282,1
10416,P100346,1
10416,P100477,3
10417,P100008,2
10417,P100054,2
10417,P100263,2
10417,P100381,1
10418,P100080,2
10418,P100179,2
10418,P100257,3
10418,P100328,2
10418,P100456,2
10419,P100013,3
10419,P100018,2
10419,P100209,2
10419,P100306,1
10419,P100320,3
10419,P100346,2
10420,P100264,3
10420,P100338,2
10420,P100339,3
10420,P100370,2
10420,P100417,2
10420,P100461,2
10420,P100480,2
10420,P100496,2
10421,P100029,1
10421,P100080,3
10421,P100101,4
10421,P100271,1
10421,P100351,3
10421,P100421,2
10421,P100425,3
10421,P100461,1
10422,P100028,2
10422,P100064,2
10422,P100090,3
10422,P100102,3
10422,P100131,3
10422,P100164,3
10422,P100307,2
10423,P100012,3
10423,P100068,3
10423,P100103,3
10423,P100152,4
10423,P100237,2
10423,P100409,2
10423,P100441,2
10424,P100049,3
10424,P100097,2
10424,P100232,1
10424,P100268,3
10424,P100377,3
10425,P100032,2
10425,P100042,2
10425,P100053,1
10425,P100132,2
10425,P100161,3
10425,P100423,2
10426,P100222,2
10426,P100389,2
10427,P100085,3
10427,P100106,1
10427,P100122,2
10427,P100180,2
10427,P100312,2
10427,P100483,2
10428,P100045,3
10428,P100115,1
10428,P100183,3
10428,P100198,2
10428,P100259,3
10428,P100354,2
10428,P100459,3
10429,P100039,3
10429,P100157,3
10429,P100488,2
10429,P100492,2
10430,P100023,2
10430,P100127,2
10430,P100137,2
10430,P100162,1
10430,P100241,2
10431,P100143,2
10431,P100193,1
10431,P100342,2
10431,P100382,3
10431,P100385,2
10432,P100163,2
10432,P100315,2
10432,P100358,3
10433,P100056,1
10433,P100085,2
10433,P100233,2
10433,P100354,1
10433,P100415,2
10433,P100445,3
10434,P100075,3
10434,P100219,2
10434,P100249,3
10434,P100263,1
10434,P100498,2
10435,P100093,2
10435,P100120,2
10435,P100138,2
10435,P100153,1
10435,P100158,3
10435,P100179,3
10435,P100324,2
10436,P100061,2
10436,P100484,2
10436,P100496,1
10437,P100108,2
10437,P100139,4
10437,P100174,2
10437,P100382,2
10437,P100422,3
10438,P100008,2
10438,P100133,2
10438,P100339,3
10438,P100388,3
10438,P100436,1
10438,P100441,1
10439,P100029,2
10439,P100205,4
10439,P100460,2
10440,P100192,3
10440,P100279,2
10440,P100377,2
10440,P100468,3
10441,P100383,2
10442,P100066,3
10442,P100081,3
10442,P100122,2
10442,P100132,2
10442,P100392,2
10442,P100423,2
10442,P100445,2
10443,P100281,2
10443,P100292,1
10443,P100440,3
10444,P100166,3
10444,P100487,3
10445,P100112,2
10445,P100248,3
10446,P100079,3
10447,P100005,1
10447,P100070,2
10447,P100309,2
10447,P100433,2
10448,P100037,3
10448,P100057,3
10448,P100233,2
10448,P100244,3
10448,P100446,2
10449,P100078,1
10449,P100257,2
10449,P100309,2
10450,P100086,1
10450,P100391,2
10450,P100395,2
10450,P100479,3
10451,P100062,2
10451,P100114,3
10451,P100122,2
10451,P100285,3
10451,P100485,3
10452,P100004,3
10452,P100283,3
10452,P100314,3
10452,P100362,3
10452,P100421,2
10452,P100451,2
10452,P100486,5
10453,P100065,1
10453,P100134,3
10453,P100165,1
10453,P100240,2
10454,P100013,3
10454,P100295,3
10454,P100385,1
10454,P100392,2
10454,P100494,3
10455,P100043,2
10455,P100282,3
10455,P100374,2
10455,P100410,1
10455,P100411,3
10455,P100465,2
10455,P100487,1
10456,P100049,2
10456,P100140,2
10456,P100150,1
10456,P100357,1
10457,P100064,2
10457,P100072,2
10457,P100085,4
10457,P100089,3
10457,P100131,2
10457,P100202,2
10457,P100328,2
10457,P100429,4
10458,P100034,3
10458,P100044,3
10458,P100324,3
10458,P100388,1
10458,P100495,3
10459,P100005,1
10459,P100028,2
10459,P100092,2
10459,P100120,2
10459,P100170,3
10459,P100190,2
10459,P100219,2
10459,P100403,2
10459,P100473,2
10460,P100099,2
10460,P100124,2
10460,P100137,1
10460,P100218,2
10460,P100268,2
10460,P100361,2
10460,P100384,2
10461,P100366,3
10461,P100384,2
10461,P100417,2
10461,P100485,3
10462,P100034,2
10462,P100075,2
10462,P100179,2
10462,P100476,1
10463,P100077,3
10463,P100307,2
10463,P100351,2
10463,P100360,2
10463,P100407,3
10463,P100497,1
10464,P100044,3
10464,P100282,1
10464,P100445,2
10465,P100289,3
10465,P100416,3
10465,P100430,2
10466,P100004,2
10466,P100052,3
10466,P100100,1
10466,P100158,3
10466,P100184,3
10466,P100233,2
10466,P100242,1
10466,P100259,2
10466,P100297,3
10466,P100298,2
10466,P100369,1
10466,P100418,2
10466,P100439,1
10466,P100453,2
10466,P100473,3
10467,P100042,3
10467,P100054,3
10467,P100080,1
10467,P100248,2
10467,P100341,2
10467,P100406,3
10467,P100491,2
10467,P100499,2
10468,P100086,2
10468,P100203,2
10468,P100214,2
10468,P100424,3
10469,P100200,2
10469,P100402,2
10469,P100479,2
10470,P100106,2
10470,P100202,3
10470,P100213,2
10470,P100224,2
10470,P100286,2
10471,P100021,2
10471,P100215,1
10471,P100232,3
10471,P100255,1
10471,P100344,3
10472,P100039,2
10472,P100170,4
10472,P100304,2
10472,P100390,3
10472,P100461,2
10472,P100482,1
10472,P100483,3
10473,P100010,3
10473,P100027,2
10473,P100102,2
10473,P100308,2
10473,P100438,2
10473,P100448,2
10474,P100361,2
10475,P100109,2
10475,P100183,2
10475,P100359,2
10475,P100447,3
10476,P100061,2
10476,P100075,3
10476,P100082,2
10476,P100207,1
10476,P100249,3
10476,P100266,2
10477,P100005,3
10477,P100050,1
10477,P100097,3
10477,P100171,3
10477,P100272,2
10477,P100469,2
10478,P100101,2
10478,P100118,2
10478,P100435,3
10479,P100003,2
10479,P100127,2
10479,P100351,3
10479,P100429,1
10479,P100481,2
10480,P100035,1
10480,P100228,3
10480,P100251,3
10480,P100282,2
10481,P100069,2
10481,P100370,3
10482,P100050,3
10482,P100112,2
10482,P100252,2
10482,P100276,2
10482,P100445,3
10483,P100040,2
10483,P100050,2
10483,P100213,3
10483,P100233,3
10483,P100369,1
10483,P100431,2
10484,P100289,3
10484,P100358,3
10484,P100384,3
10484,P100469,2
10485,P100156,2
10485,P100228,3
10485,P100236,1
10485,P100264,1
10485,P100298,2
10485,P100318,1
10485,P100322,2
10485,P100378,2
10485,P100389,1
10485,P100392,2
10486,P100186,2
10486,P100217,2
10486,P100226,2
10487,P100151,3
10487,P100244,2
10487,P100249,2
10487,P100272,2
10488,P100051,2
10488,P100091,2
10488,P100192,3
10488,P100465,1
10488,P100491,2
10489,P100027,2
10489,P100179,3
10489,P100201,3
10489,P100232,1
10489,P100233,3
10489,P100244,3
10490,P100323,2
10490,P100364,2
10490,P100373,2
10490,P100467,2
10490,P100470,2
10490,P100477,2
10491,P100082,2
10492,P100067,3
10492,P100165,1
10492,P100202,2
10492,P100230,1
10492,P100410,2
10492,P100444,2
10493,P100068,3
10493,P100125,3
10494,P100008,1
10494,P100047,3
10494,P100381,2
10494,P100446,2
10494,P100460,1
10494,P100465,2
10494,P100471,2
10495,P100211,3
10496,P100138,2
10496,P100172,3
10496,P100193,3
10496,P100228,2
10496,P100397,3
10496,P100435,2
10497,P100163,1
10497,P100269,2
10497,P100296,2
10497,P100305,2
10497,P100376,2
10497,P100377,2
10498,P100125,3
10498,P100177,2
10498,P100407,2
10499,P100015,2
10499,P100170,2
10499,P100220,1
10499,P100261,3
10499,P100471,2
10500,P100051,3
10500,P100181,1
10500,P100184,2
10500,P100368,1
10501,P100400,3
10501,P100483,3
10502,P100065,3
10502,P100223,3
10502,P100336,3
10502,P100386,2
10502,P100491,2
10503,P100008,1
10503,P100149,3
10503,P100198,2
10503,P100274,3
10503,P100414,2
10504,P100034,2
10504,P100072,1
10504,P100181,2
10504,P100370,3
10504,P100387,3
10504,P100477,2
10505,P100135,2
10505,P100338,2
10505,P100432,2
10506,P100213,2
10506,P100334,2
10506,P100409,3
10506,P100480,3
10507,P100120,1
10507,P100157,3
10507,P100181,2
10507,P100294,2
10508,P100014,3
10508,P100016,3
10508,P100104,2
10508,P100118,2
10508,P100123,3
10508,P100230,2
10508,P100233,2
10508,P100247,3
10508,P100298,3
10508,P100337,1
10508,P100378,2
10508,P100437,3
10509,P100003,2
10509,P100345,2
10510,P100013,1
10510,P100107,2
10510,P100153,3
10510,P100220,2
10510,P100253,2
10510,P100260,2
10510,P100334,2
10510,P100368,1
10511,P100010,3
10511,P100090,2
10511,P100114,3
10511,P100144,2
10511,P100270,2
10511,P100307,1
10511,P100494,2
10512,P100053,4
10512,P100404,2
10513,P100072,2
10513,P100105,3
10513,P100108,2
10513,P100129,1
10513,P100140,2
10513,P100179,1
10513,P100185,2
10513,P100186,1
10513,P100481,2
10513,P100483,2
10515,P100026,2
10515,P100220,3
10515,P100227,3
10515,P100232,3
10515,P100283,3
10515,P100379,1
10515,P100467,2
10516,P100020,4
10516,P100081,1
10516,P100172,3
10516,P100387,2
10517,P100002,2
10517,P100006,3
10517,P100040,2
10517,P100275,2
10517,P100360,1
10517,P100387,2
10517,P100426,3
10517,P100454,3
10517,P100456,2
10518,P100007,3
10518,P100090,3
10518,P100152,3
10518,P100209,2
10518,P100242,3
10518,P100325,2
10518,P100367,3
10518,P100388,3
10518,P100416,2
10518,P100486,1
10519,P100044,2
10519,P100068,2
10519,P100191,1
10519,P100210,2
10519,P100376,3
10520,P100066,3
10520,P100345,3
10520,P100373,2
10521,P100051,3
10521,P100064,1
10521,P100343,3
10521,P100396,2
10521,P100400,3
10521,P100470,2
10522,P100012,2
10522,P100108,2
10522,P100208,3
10522,P100288,3
10523,P100098,2
10523,P100268,3
10523,P100272,1
10523,P100302,3
10523,P100303,2
10523,P100391,2
10524,P100006,3
10524,P100099,1
10524,P100400,2
10524,P100437,1
10524,P100453,2
10525,P100057,2
10525,P100172,3
10525,P100227,2
10526,P100431,2
10527,P100139,2
10527,P100172,2
10527,P100297,2
10527,P100347,3
10527,P100442,2
10528,P100051,2
10528,P100057,3
10528,P100120,2
10528,P100335,2
10528,P100352,1
10529,P100101,3
10529,P100272,2
10529,P100322,2
10529,P100359,2
10529,P100412,2
10530,P100119,3
10530,P100125,2
10530,P100203,3
10530,P100221,3
10530,P100292,2
10530,P100341,2
10530,P100457,2
10530,P100469,2
10531,P100150,3
10531,P100261,2
10531,P100290,2
10531,P100303,2
10531,P100342,1
10532,P100036,2
10532,P100129,2
10532,P100211,2
10532,P100282,2
10533,P100140,2
10533,P100298,3
10533,P100330,1
10533,P100380,3
10534,P100054,3
10534,P100187,2
10534,P100274,3
10534,P100365,2
10534,P100449,2
10535,P100076,3
10535,P100130,2
10535,P100160,3
10535,P100356,2
10535,P100391,1
10536,P100002,2
10536,P100036,3
10536,P100178,3
10536,P100352,2
10536,P100380,3
10536,P100477,2
10537,P100062,2
10537,P100251,2
10537,P100317,2
10537,P100321,2
10537,P100365,2
10538,P100018,2
10538,P100184,2
10538,P100187,2
10538,P100353,3
10538,P100421,2
10538,P100485,1
10539,P100036,3
10539,P100128,3
10539,P100163,3
10539,P100290,3
10539,P100320,3
10539,P100482,2
10540,P100138,1
10540,P100157,1
10540,P100302,2
10540,P100374,2
10540,P100468,2
10541,P100067,2
10541,P100069,1
10541,P100072,2
10541,P100078,2
10541,P100088,3
10541,P100130,2
10541,P100343,3
10541,P100369,2
10541,P100403,2
10541,P100457,2
10542,P100077,2
10542,P100270,2
10542,P100275,2
10542,P100287,2
10543,P100052,2
10543,P100174,3
10543,P100215,2
10543,P100241,1
10543,P100250,2
10543,P100322,1
10543,P100337,3
10543,P100362,3
10543,P100402,2
10543,P100472,3
10543,P100475,2
10544,P100395,2
10544,P100408,1
10545,P100074,2
10545,P100078,3
10545,P100206,2
10546,P100009,4
10546,P100097,2
10546,P100118,2
10546,P100226,1
10546,P100262,2
10546,P100263,3
10546,P100279,2
10546,P100341,2
10546,P100346,3
10546,P100400,2
10547,P100058,2
10547,P100060,1
10547,P100135,2
10547,P100183,2
10547,P100218,3
10547,P100232,1
10547,P100306,1
10548,P100019,3
10548,P100024,2
10548,P100210,2
10548,P100372,2
10548,P100386,2
10549,P100006,2
10549,P100037,2
10549,P100276,2
10549,P100422,4
10549,P100425,2
10549,P100484,1
10549,P100488,2
10550,P100260,2
10550,P100339,3
10550,P100391,2
10551,P100061,3
10551,P100136,2
10551,P100228,1
10551,P100249,2
10551,P100291,1
10551,P100332,3
10551,P100417,3
10552,P100149,3
10552,P100235,2
10552,P100265,2
10552,P100271,2
10552,P100295,2
10553,P100040,3
10553,P100163,3
10553,P100197,3
10553,P100231,2
10553,P100411,1
10553,P100428,2
10554,P100162,1
10554,P100341,3
10554,P100432,2
10555,P100075,2
10556,P100109,2
10556,P100139,2
10556,P100246,2
10556,P100288,3
10556,P100446,2
10557,P100165,1
10557,P100269,2
10557,P100346,3
10558,P100006,3
10558,P100028,3
10558,P100103,2
10558,P100118,2
10558,P100217,3
10558,P100223,2
10558,P100242,2
10558,P100268,2
10558,P100291,2
10558,P100306,3
10558,P100315,4
10559,P100145,3
10559,P100245,1
10559,P100311,3
10559,P100315,3
10559,P100380,2
10559,P100418,3
10560,P100006,3
10560,P100179,2
10560,P100185,2
10560,P100238,4
10560,P100352,3
10560,P100355,2
10560,P100428,2
10560,P100495,2
10561,P100215,2
10561,P100301,3
10562,P100344,2
10563,P100106,3
10563,P100132,2
10563,P100243,3
10563,P100367,1
10563,P100450,2
10564,P100030,2
10564,P100045,2
10564,P100054,1
10564,P100071,2
10564,P100091,2
10564,P100160,3
10564,P100367,2
10564,P100486,3
10565,P100186,2
10566,P100089,1
10566,P100372,1
10566,P100480,3
10566,P100488,3
10567,P100144,3
10567,P100211,2
10567,P100336,2
10567,P100443,2
10568,P100060,2
10568,P100172,3
10568,P100255,3
10568,P100284,2
10568,P100427,2
10568,P100446,2
10568,P100488,3
10569,P100086,3
10569,P100272,2
10569,P100281,2
10570,P100060,2
10570,P100220,2
10570,P100280,2
10570,P100446,3
10571,P100119,3
10571,P100136,3
10571,P100238,2
10571,P100331,1
10571,P100490,2
10572,P100081,2
10572,P100103,3
10572,P100157,2
10572,P100192,1
10572,P100264,2
10572,P100301,2
10572,P100432,1
10573,P100372,1
10573,P100446,2
10574,P100061,1
10574,P100094,3
10574,P100117,1
10574,P100120,5
10574,P100158,2
10574,P100474,1
10575,P100018,3
10575,P100048,2
10575,P100262,3
10575,P100431,2
10575,P100467,2
10576,P100137,2
10576,P100258,2
10576,P100281,1
10576,P100295,2
10576,P100485,3
10577,P100238,1
10577,P100256,3
10577,P100405,2
10577,P100445,2
10577,P100476,2
10578,P100094,2
10578,P100102,2
10578,P100106,3
10578,P100187,2
10578,P100358,3
10578,P100454,2
10579,P100017,3
10579,P100099,2
10579,P100115,2
10579,P100179,3
10579,P100379,2
10580,P100190,3
10580,P100244,3
10580,P100466,1
10580,P100478,2
10581,P100016,1
10581,P100053,3
10581,P100148,3
10581,P100408,3
10581,P100497,2
10582,P100058,2
10582,P100270,3
10582,P100297,1
10582,P100299,2
10583,P100010,3
10583,P100334,3
10583,P100418,3
10584,P100254,3
10584,P100411,2
10584,P100459,1
10585,P100123,3
10585,P100159,1
10585,P100483,1
10585,P100489,2
10586,P100258,2
10586,P100261,2
10586,P100287,2
10586,P100407,3
10586,P100409,2
10586,P100463,3
10587,P100016,1
10587,P100153,1
10587,P100322,3
10588,P100052,1
10589,P100107,3
10589,P100204,3
10589,P100447,1
10590,P100002,2
10590,P100033,3
10590,P100059,2
10590,P100163,2
10590,P100207,2
10590,P100358,2
10590,P100431,1
10590,P100452,1
10591,P100064,2
10591,P100221,1
10591,P100235,2
10591,P100351,2
10591,P100457,3
10592,P100123,1
10592,P100315,1
10592,P100369,3
10592,P100406,2
10593,P100401,2
10593,P100473,1
10594,P100010,2
10594,P100052,2
10594,P100119,3
10594,P100169,2
10594,P100358,2
10594,P100410,2
10594,P100455,2
10595,P100077,1
10595,P100162,3
10595,P100495,1
10596,P100019,2
10596,P100074,3
10596,P100242,2
10596,P100318,3
10596,P100328,2
10596,P100370,2
10597,P100111,1
10597,P100274,3
10597,P100373,2
10597,P100389,2
10598,P100061,3
10598,P100073,4
10598,P100274,3
10598,P100352,2
10598,P100466,3
10599,P100088,2
10599,P100132,2
10599,P100149,1
10599,P100202,2
10599,P100387,2
10600,P100081,3
10600,P100157,2
10600,P100207,2
10600,P100314,3
10600,P100430,1
10600,P100476,3
10601,P100022,2
10602,P100056,2
10602,P100141,1
10602,P100171,3
10602,P100276,1
10602,P100302,2
10603,P100066,2
10603,P100109,2
10603,P100231,3
10603,P100375,3
10603,P100477,3
10604,P100149,2
10604,P100214,2
10604,P100290,3
10604,P100300,3
10604,P100407,2
10605,P100117,2
10605,P100269,2
10605,P100303,3
10605,P100341,2
10605,P100419,2
10605,P100432,3
10605,P100441,3
10606,P100108,3
10606,P100239,3
10607,P100056,1
10607,P100077,2
10607,P100190,2
10607,P100358,3
10607,P100409,2
10608,P100002,2
10608,P100136,3
10608,P100168,2
10608,P100348,2
10608,P100356,2
10608,P100378,2
10608,P100388,2
10608,P100466,2
10609,P100063,2
10609,P100286,1
10609,P100356,2
10609,P100390,3
10609,P100455,3
10610,P100077,2
10610,P100213,2
10610,P100218,3
10611,P100135,3
10611,P100148,3
10611,P100483,1
10612,P100202,2
10612,P100294,3
10612,P100484,1
10612,P100487,3
10613,P100028,2
10613,P100224,3
10613,P100255,3
10613,P100299,1
10613,P100329,2
10613,P100371,2
10613,P100416,3
10614,P100026,3
10614,P100293,2
10614,P100372,2
10614,P100480,1
10615,P100281,2
10615,P100378,2
10616,P100157,3
10616,P100346,2
10616,P100428,1
10616,P100459,2
10617,P100106,3
10618,P100005,2
10618,P100074,2
10618,P100151,1
10618,P100358,2
10618,P100399,2
10619,P100004,1
10619,P100062,3
10619,P100259,3
10619,P100410,3
10619,P100456,2
10620,P100029,3
10620,P100052,1
10620,P100184,3
10620,P100300,2
10620,P100318,2
10620,P100484,2
10621,P100032,2
10621,P100069,2
10621,P100185,2
10621,P100252,2
10621,P100259,3
10621,P100274,3
10621,P100485,2
10622,P100036,2
10622,P100110,2
10622,P100116,2
10622,P100218,2
10623,P100109,2
10623,P100168,2
10623,P100252,3
10623,P100348,3
10623,P100364,2
10623,P100389,3
10623,P100393,1
10624,P100216,3
10624,P100338,3
10625,P100124,3
10625,P100292,2
10625,P100397,2
10626,P100360,1
10626,P100384,2
10626,P100392,2
10627,P100224,2
10627,P100374,3
10627,P100432,2
10628,P100180,3
10628,P100208,2
10628,P100389,1
10629,P100010,4
10629,P100028,3
10629,P100296,2
10629,P100313,3
10629,P100378,2
10629,P100392,3
10629,P100491,1
10630,P100038,3
10630,P100069,3
10630,P100113,2
10630,P100133,3
10630,P100426,2
10631,P100115,3
10631,P100202,2
10631,P100343,2
10632,P100220,2
10632,P100402,1
10633,P100062,1
10633,P100219,3
10633,P100295,1
10633,P100299,2
10633,P100383,4
10634,P100004,1
10634,P100126,3
10634,P100261,2
10634,P100404,2
10634,P100418,2
10635,P100043,2
10635,P100169,3
10635,P100224,2
10635,P100318,2
10635,P100355,3
10635,P100456,1
10636,P100103,2
10636,P100196,2
10636,P100279,1
10636,P100420,3
10636,P100462,1
10637,P100135,2
10637,P100201,2
10637,P100256,2
10638,P100236,4
10638,P100413,2
10639,P100033,2
10639,P100116,3
10639,P100246,3
10639,P100374,2
10639,P100425,2
10639,P100427,2
10639,P100443,2
10639,P100460,2
10640,P100004,2
10640,P100411,3
10641,P100008,2
10641,P100032,2
10641,P100055,2
10641,P100090,3
10641,P100102,2
10641,P100172,1
10641,P100463,1
10642,P100059,3
10642,P100284,2
10643,P100037,3
10643,P100114,2
10643,P100332,3
10643,P100375,2
10643,P100431,2
10643,P100452,3
10644,P100156,3
10644,P100294,1
10644,P100322,3
10644,P100340,3
10644,P100351,3
10644,P100401,2
10644,P100477,2
10645,P100068,2
10645,P100137,2
10645,P100391,3
10645,P100440,1
10646,P100001,1
10646,P100031,3
10646,P100100,2
10646,P100259,2
10646,P100434,2
10646,P100490,3
10647,P100108,1
10647,P100110,3
10647,P100207,2
10648,P100061,2
10648,P100091,3
10648,P100142,2
10648,P100219,2
10649,P100076,3
10649,P100211,3
10649,P100215,2
10649,P100356,3
10650,P100150,2
10650,P100241,2
10650,P100254,2
10650,P100284,3
10651,P100104,3
10651,P100122,3
10651,P100341,2
10652,P100207,2
10652,P100260,2
10652,P100389,1
10652,P100435,3
10652,P100465,2
10652,P100482,2
10652,P100483,2
10653,P100123,2
10653,P100273,2
10653,P100274,2
10653,P100284,2
10653,P100369,1
10654,P100050,3
10654,P100146,2
10654,P100336,1
10654,P100477,2
10655,P100020,4
10655,P100068,2
10655,P100235,2
10655,P100457,3
10656,P100049,3
10656,P100094,3
10656,P100245,3
10656,P100280,3
10656,P100327,2
10656,P100386,3
10656,P100454,2
10656,P100461,2
10657,P100099,2
10657,P100141,2
10657,P100313,1
10657,P100344,2
10657,P100408,2
10657,P100416,2
10658,P100130,2
10658,P100193,2
10658,P100286,3
10658,P100409,2
10659,P100163,1
10659,P100372,2
10659,P100490,2
10660,P100341,2
10660,P100371,3
10660,P100384,2
10661,P100038,2
10661,P100386,2
10661,P100483,2
10662,P100024,2
10662,P100036,2
10662,P100088,3
10662,P100112,2
10662,P100279,3
10662,P100454,2
10663,P100363,3
10663,P100367,2
10663,P100444,2
10664,P100175,3
10664,P100438,2
10664,P100463,3
10665,P100005,2
10665,P100044,2
10665,P100077,2
10665,P100101,2
10665,P100149,2
10665,P100187,2
10665,P100295,2
10665,P100387,3
10665,P100410,2
10665,P100474,2
10666,P100260,2
10667,P100035,2
10667,P100158,3
10667,P100365,1
10668,P100070,3
10668,P100152,2
10668,P100193,3
10668,P100299,3
10668,P100328,2
10668,P100468,2
10669,P100136,2
10669,P100154,2
10670,P100004,2
10670,P100065,3
10670,P100120,1
10670,P100295,2
10670,P100304,2
10670,P100409,2
10670,P100410,3
10670,P100433,2
10671,P100029,2
10671,P100057,2
10671,P100100,2
10671,P100193,2
10671,P100214,3
10671,P100398,2
10671,P100478,2
10671,P100481,2
10672,P100029,3
10672,P100085,2
10672,P100325,2
10672,P100409,3
10673,P100066,2
10673,P100136,3
10673,P100147,1
10673,P100173,3
10673,P100343,2
10673,P100481,2
10674,P100054,2
10674,P100175,2
10675,P100093,1
10675,P100215,3
10675,P100247,2
10675,P100378,2
10675,P100462,2
10676,P100069,1
10676,P100092,2
10676,P100268,3
10676,P100277,2
10676,P100302,2
10676,P100431,2
10677,P100033,3
10677,P100061,2
10678,P100105,2
10678,P100215,2
10678,P100332,2
10678,P100387,2
10679,P100100,3
10679,P100212,2
10679,P100215,2
10679,P100342,2
10679,P100401,3
10679,P100482,3
10680,P100116,2
10680,P100140,2
10680,P100305,4
10680,P100489,2
10681,P100017,2
10681,P100102,3
10681,P100242,2
10681,P100256,2
10681,P100359,1
10681,P100390,3
10681,P100439,2
10682,P100034,3
10682,P100165,3
10682,P100217,1
10682,P100394,3
10683,P100013,2
10683,P100097,1
10683,P100133,2
10683,P100222,1
10683,P100267,2
10683,P100269,3
10683,P100400,2
10683,P100422,2
10684,P100021,2
10684,P100174,2
10684,P100187,1
10684,P100201,2
10684,P100261,2
10684,P100303,2
10684,P100310,1
10684,P100465,3
10684,P100496,3
10685,P100017,2
10685,P100280,2
10686,P100274,3
10686,P100333,2
10686,P100352,1
10686,P100455,3
10687,P100001,2
10687,P100063,3
10687,P100204,2
10687,P100389,2
10687,P100402,2
10687,P100426,3
10687,P100470,3
10687,P100480,2
10687,P100484,2
10688,P100012,3
10688,P100126,2
10688,P100149,3
10688,P100225,2
10688,P100255,3
10688,P100387,2
10689,P100027,2
10689,P100030,1
10689,P100196,2
10689,P100215,3
10689,P100228,3
10689,P100292,2
10690,P100004,1
10690,P100135,2
10690,P100142,3
10690,P100149,2
10690,P100151,1
10690,P100155,2
10690,P100176,3
10690,P100285,2
10690,P100344,2
10690,P100461,3
10691,P100249,1
10692,P100041,1
10692,P100306,3
10693,P100251,5
10693,P100260,2
10694,P100136,3
10694,P100155,2
10694,P100297,2
10694,P100319,3
10694,P100320,1
10695,P100084,2
10695,P100251,2
10695,P100305,2
10696,P100062,3
10696,P100083,2
10696,P100100,1
10696,P100294,1
10696,P100309,1
10696,P100489,1
10697,P100063,3
10697,P100206,3
10697,P100334,2
10698,P100091,2
10698,P100168,1
10698,P100169,2
10698,P100229,2
10698,P100274,3
10698,P100498,2
10699,P100025,2
10699,P100055,3
10699,P100082,3
10699,P100113,3
10699,P100115,3
10699,P100140,3
10699,P100256,3
10699,P100474,2
10700,P100030,3
10700,P100254,2
10700,P100271,3
10700,P100374,2
10701,P100126,2
10701,P100129,2
10701,P100191,2
10701,P100200,2
10701,P100438,2
10702,P100002,1
10702,P100033,2
10702,P100092,2
10702,P100166,4
10702,P100236,2
10703,P100035,3
10703,P100151,2
10703,P100175,2
10703,P100182,3
10703,P100213,1
10703,P100355,1
10703,P100395,3
10704,P100053,2
10704,P100356,3
10704,P100392,2
10704,P100429,3
10705,P100067,3
10705,P100182,2
10705,P100341,2
10705,P100396,2
10706,P100080,2
10706,P100109,2
10706,P100143,3
10706,P100207,1
10706,P100283,2
10706,P100308,3
10706,P100457,3
10707,P100230,1
10707,P100311,3
10707,P100387,2
10707,P100416,2
10707,P100433,2
10708,P100089,2
10708,P100115,2
10708,P100123,3
10708,P100285,3
10708,P100299,4
10708,P100300,2
10709,P100377,2
10710,P100148,1
10710,P100186,3
10710,P100213,1
10710,P100228,2
10710,P100278,2
10710,P100310,2
10710,P100499,2
10711,P100043,2
10711,P100102,1
10711,P100194,2
10711,P100245,3
10711,P100270,3
10711,P100329,5
10711,P100330,1
10711,P100394,2
10711,P100458,3
10712,P100142,1
10712,P100471,2
10713,P100038,2
10713,P100152,2
10713,P100174,2
10713,P100199,3
10713,P100295,3
10713,P100370,2
10713,P100422,3
10714,P100000,2
10714,P100280,1
10714,P100379,2
10714,P100442,2
10715,P100065,3
10715,P100391,3
10715,P100427,1
10715,P100452,3
10716,P100009,3
10716,P100035,2
10716,P100041,2
10716,P100224,2
10716,P100236,3
10717,P100011,2
10717,P100018,2
10717,P100038,2
10717,P100100,2
10717,P100129,2
10718,P100013,3
10718,P100041,1
10718,P100103,2
10718,P100108,3
10718,P100128,2
10718,P100152,1
10718,P100260,2
10718,P100315,2
10718,P100358,1
10718,P100385,1
10719,P100009,2
10719,P100025,3
10719,P100027,3
10719,P100037,3
10719,P100244,2
10719,P100256,2
10719,P100290,2
10719,P100331,2
10719,P100472,1
10719,P100474,3
10719,P100491,2
10719,P100498,3
10720,P100028,3
10720,P100083,2
10720,P100095,2
10720,P100157,3
10720,P100223,2
10720,P100259,2
10720,P100296,3
10720,P100298,1
10720,P100332,2
10721,P100153,3
10721,P100198,1
10721,P100213,3
10721,P100238,2
10721,P100473,1
10722,P100230,2
10722,P100232,4
10722,P100263,3
10722,P100287,2
10722,P100341,3
10722,P100415,3
10723,P100025,3
10723,P100102,2
10723,P100118,2
10723,P100188,2
10723,P100230,2
10723,P100301,1
10723,P100366,3
10724,P100123,3
10724,P100471,2
10725,P100261,3
10725,P100485,2
10726,P100013,2
10726,P100093,2
10726,P100323,2
10726,P100430,2
10727,P100134,1
10727,P100136,2
10727,P100164,1
10727,P100348,2
10727,P100372,3
10727,P100481,2
10728,P100031,2
10728,P100116,3
10728,P100191,3
10728,P100220,2
10728,P100241,3
10728,P100481,2
10729,P100006,1
10729,P100057,3
10729,P100102,3
10730,P100036,2
10730,P100112,2
10730,P100165,4
10730,P100201,1
10731,P100068,3
10731,P100107,2
10731,P100166,3
10731,P100199,2
10731,P100345,2
10731,P100355,2
10731,P100370,3
10732,P100070,1
10732,P100087,3
10732,P100256,2
10732,P100490,3
10733,P100184,3
10733,P100495,1
10734,P100117,2
10734,P100151,1
10734,P100164,3
10734,P100223,1
10734,P100226,3
10734,P100336,2
10734,P100386,1
10734,P100389,3
10734,P100472,2
10735,P100025,3
10735,P100120,1
10735,P100248,3
10735,P100378,2
10735,P100410,2
10735,P100440,2
10736,P100050,3
10736,P100054,2
10736,P100258,3
10736,P100314,3
10736,P100320,2
10736,P100394,3
10737,P100266,2
10738,P100038,2
10738,P100192,1
10738,P100326,2
10738,P100338,2
10739,P100133,4
10739,P100135,3
10739,P100157,1
10739,P100264,2
10739,P100325,2
10739,P100376,2
10739,P100412,3
10739,P100441,1
10739,P100496,1
10740,P100076,1
10740,P100107,1
10740,P100225,2
10740,P100299,3
10740,P100316,3
10740,P100328,2
10740,P100409,2
10741,P100046,2
10741,P100172,3
10741,P100184,1
10741,P100339,3
10741,P100490,1
10741,P100493,1
10742,P100180,2
10742,P100201,2
10742,P100251,2
10742,P100339,2
10743,P100169,2
10743,P100383,3
10743,P100398,2
10744,P100095,1
10744,P100121,3
10744,P100153,2
10744,P100365,3
10744,P100435,2
10745,P100280,3
10745,P100283,2
10745,P100423,2
10746,P100071,2
10746,P100090,2
10746,P100133,3
10746,P100147,3
10746,P100215,3
10746,P100370,2
10746,P100483,2
10747,P100014,3
10747,P100021,3
10747,P100028,2
10747,P100150,3
10747,P100293,1
10747,P100395,3
10747,P100420,3
10748,P100094,2
10748,P100099,2
10748,P100149,3
10748,P100190,1
10748,P100206,1
10748,P100354,2
10749,P100117,1
10749,P100345,2
10749,P100389,1
10749,P100438,2
10750,P100058,3
10750,P100098,3
10750,P100102,3
10750,P100171,2
10750,P100267,2
10750,P100348,2
10750,P100380,3
10751,P100054,2
10751,P100416,2
10752,P100008,4
10752,P100125,2
10752,P100159,2
10753,P100001,1
10753,P100213,3
10753,P100338,2
10754,P100038,1
10754,P100135,3
10754,P100189,2
10754,P100314,2
10754,P100324,1
10754,P100465,2
10754,P100473,2
10755,P100112,2
10755,P100216,2
10755,P100264,3
10755,P100300,3
10755,P100338,3
10755,P100377,2
10755,P100433,3
10755,P100449,2
10756,P100024,2
10756,P100093,2
10756,P100154,2
10757,P100199,2
10757,P100205,3
10757,P100247,3
10757,P100314,2
10757,P100328,3
10757,P100331,2
10757,P100370,1
10757,P100421,2
10758,P100028,2
10758,P100061,2
10758,P100070,2
10758,P100100,2
10758,P100275,3
10758,P100288,2
10758,P100307,3
10758,P100379,2
10759,P100008,2
10759,P100018,3
10759,P100220,5
10759,P100312,2
10759,P100374,4
10760,P100079,3
10760,P100117,3
10760,P100297,2
10760,P100327,2
10760,P100354,3
10760,P100451,3
10761,P100251,2
10761,P100253,2
10761,P100254,2
10761,P100375,2
10762,P100016,2
10763,P100012,2
10763,P100035,2
10763,P100036,2
10763,P100428,2
10764,P100071,3
10764,P100255,2
10764,P100345,3
10764,P100359,2
10764,P100412,2
10765,P100005,1
10765,P100042,3
10765,P100174,2
10765,P100178,3
10765,P100247,4
10765,P100438,2
10766,P100135,2
10766,P100159,2
10766,P100223,1
10766,P100364,2
10766,P100482,4
10767,P100018,2
10767,P100060,3
10767,P100080,2
10767,P100199,2
10767,P100242,2
10767,P100260,2
10767,P100337,3
10767,P100401,1
10768,P100114,2
10768,P100121,3
10768,P100139,1
10768,P100196,3
10769,P100174,2
10769,P100187,2
10769,P100197,2
10769,P100200,1
10769,P100284,2
10769,P100320,2
10769,P100431,4
10769,P100475,2
10770,P100189,2
10770,P100204,1
10770,P100287,1
10770,P100326,3
10770,P100408,2
10771,P100321,2
10771,P100366,3
10771,P100463,5
10771,P100480,3
10772,P100047,2
10772,P100295,3
10772,P100344,2
10772,P100436,3
10772,P100441,2
10772,P100489,3
10773,P100112,2
10773,P100297,1
10773,P100306,2
10773,P100323,2
10773,P100366,2
10773,P100401,3
10774,P100103,2
10774,P100262,2
10774,P100324,2
10775,P100030,1
10775,P100231,3
10775,P100323,2
10775,P100367,3
10775,P100416,2
10775,P100434,2
10776,P100001,1
10776,P100076,3
10776,P100088,3
10776,P100164,2
10776,P100228,1
10776,P100271,2
10776,P100343,1
10776,P100347,1
10776,P100425,2
10777,P100081,1
10777,P100241,3
10777,P100287,2
10777,P100346,3
10777,P100446,2
10778,P100298,2
10778,P100479,2
10779,P100163,3
10779,P100189,2
10779,P100284,2
10779,P100430,1
10779,P100458,2
10780,P100086,2
10780,P100162,2
10780,P100219,1
10780,P100229,2
10780,P100298,2
10780,P100397,3
10780,P100434,2
10780,P100486,3
10781,P100080,3
10781,P100215,2
10781,P100388,2
10781,P100475,2
10782,P100092,2
10782,P100193,2
10782,P100245,2
10782,P100367,2
10782,P100382,3
10782,P100386,2
10783,P100030,2
10783,P100341,2
10783,P100342,2
10783,P100388,3
10784,P100212,3
10784,P100245,2
10784,P100278,2
10784,P100326,2
10784,P100366,2
10784,P100376,1
10784,P100457,2
10784,P100463,2
10785,P100127,2
10785,P100175,3
10785,P100219,3
10785,P100316,3
10786,P100010,1
10786,P100145,1
10786,P100185,2
10786,P100197,1
10786,P100342,3
10787,P100009,3
10787,P100010,2
10787,P100363,4
10787,P100381,1
10788,P100034,3
10788,P100203,2
10788,P100258,3
10788,P100310,1
10788,P100416,2
10789,P100039,3
10789,P100093,3
10789,P100144,3
10789,P100486,2
10790,P100074,2
10790,P100198,2
10790,P100202,3
10790,P100240,1
10791,P100260,2
10791,P100332,2
10791,P100345,3
10791,P100413,3
10792,P100054,3
10792,P100059,2
10792,P100361,2
10792,P100417,2
10793,P100047,2
10793,P100085,2
10793,P100208,1
10794,P100098,3
10794,P100346,3
10795,P100118,3
10795,P100199,2
10795,P100208,2
10795,P100213,2
10795,P100217,3
10795,P100288,2
10795,P100312,3
10795,P100436,2
10795,P100498,2
10796,P100199,2
10796,P100281,2
10796,P100334,2
10797,P100023,2
10797,P100033,4
10797,P100048,2
10797,P100481,2
10797,P100490,3
10798,P100041,2
10798,P100159,2
10798,P100191,1
10798,P100256,3
10798,P100372,2
10799,P100168,2
10799,P100312,2
10799,P100388,2
10800,P100314,2
10800,P100317,2
10800,P100497,2
10801,P100006,2
10801,P100078,2
10801,P100119,2
10801,P100192,2
10801,P100241,2
10801,P100339,2
10801,P100464,2
10802,P100002,2
10802,P100098,3
10802,P100325,2
10802,P100332,2
10802,P100345,4
10802,P100454,1
10803,P100005,2
10803,P100025,3
10803,P100043,1
10803,P100073,2
10803,P100098,3
10803,P100141,2
10803,P100144,2
10803,P100224,2
10803,P100301,2
10803,P100314,2
10803,P100375,2
10804,P100079,2
10804,P100145,2
10804,P100246,1
10804,P100251,3
10804,P100333,3
10805,P100071,2
10805,P100153,1
10805,P100254,2
10805,P100459,2
10806,P100008,2
10806,P100160,3
10806,P100418,2
10806,P100497,2
10807,P100170,2
10807,P100177,1
10807,P100373,2
10808,P100091,3
10808,P100101,3
10808,P100152,2
10808,P100162,2
10808,P100177,2
10808,P100416,3
10809,P100160,2
10809,P100240,2
10809,P100285,1
10809,P100381,3
10809,P100463,1
10810,P100328,2
10810,P100415,3
10812,P100009,2
10812,P100089,2
10812,P100182,3
10812,P100202,2
10812,P100345,2
10812,P100359,2
10812,P100381,1
10812,P100484,2
10813,P100021,2
10813,P100072,3
10813,P100087,2
10813,P100246,3
10813,P100382,3
10813,P100438,3
10813,P100462,2
10814,P100161,2
10814,P100450,2
10814,P100473,3
10815,P100223,3
10815,P100434,2
10815,P100471,3
10815,P100486,3
10816,P100081,3
10816,P100157,1
10816,P100158,2
10816,P100296,3
10816,P100297,3
10816,P100355,2
10816,P100449,3
10817,P100044,2
10817,P100148,2
10817,P100204,2
10817,P100209,3
10817,P100413,2
10817,P100461,2
10818,P100016,3
10818,P100253,3
10818,P100265,2
10818,P100349,2
10818,P100418,2
10818,P100494,2
10819,P100151,1
10819,P100213,3
10819,P100222,2
10819,P100325,2
10819,P100382,2
10819,P100435,2
10820,P100102,2
10820,P100197,2
10820,P100269,2
10820,P100294,1
10821,P100115,2
10821,P100457,2
10822,P100102,3
10822,P100123,3
10823,P100031,2
10823,P100039,3
10823,P100134,3
10823,P100381,2
10823,P100387,2
10824,P100000,2
10824,P100171,3
10824,P100424,1
10824,P100497,3
10825,P100078,2
10825,P100134,3
10825,P100158,3
10825,P100177,2
10825,P100197,2
10825,P100206,3
10825,P100210,3
10825,P100236,3
10825,P100414,2
10826,P100141,3
10826,P100427,2
10826,P100435,1
10827,P100166,1
10827,P100337,3
10827,P100418,3
10827,P100435,3
10828,P100081,1
10828,P100416,3
10828,P100421,3
10828,P100432,3
10829,P100129,2
10829,P100196,2
10829,P100299,2
10829,P100371,2
10829,P100388,2
10829,P100456,3
10830,P100015,2
10830,P100057,3
10830,P100111,2
10830,P100129,2
10830,P100140,2
10830,P100430,3
10831,P100024,3
10831,P100078,1
10831,P100101,2
10831,P100243,3
10831,P100413,3
10831,P100414,2
10832,P100142,1
10832,P100248,3
10832,P100282,2
10833,P100012,2
10833,P100140,2
10833,P100142,1
10833,P100188,2
10834,P100054,2
10834,P100095,3
10834,P100118,2
10834,P100232,3
10834,P100467,2
10835,P100226,3
10835,P100299,2
10836,P100083,4
10836,P100088,2
10836,P100100,3
10836,P100114,2
10836,P100154,3
10836,P100178,3
10836,P100344,3
10836,P100352,2
10836,P100386,3
10837,P100000,3
10837,P100042,2
10837,P100212,3
10837,P100268,3
10837,P100305,1
10837,P100430,2
10838,P100049,2
10838,P100057,2
10838,P100139,2
10838,P100144,2
10838,P100203,3
10838,P100347,3
10838,P100426,2
10838,P100447,3
10838,P100449,1
10839,P100392,2
10840,P100048,2
10840,P100049,3
10840,P100238,1
10841,P100007,2
10841,P100051,2
10841,P100356,2
10841,P100474,1
10842,P100122,2
10842,P100224,2
10842,P100363,2
10842,P100379,3
10842,P100449,4
10842,P100470,3
10843,P100041,2
10843,P100342,2
10844,P100060,2
10844,P100299,3
10844,P100306,3
10845,P100108,2
10845,P100137,2
10845,P100182,2
10845,P100203,2
10845,P100261,2
10845,P100265,2
10845,P100454,2
10846,P100160,3
10846,P100371,3
10847,P100126,3
10847,P100403,2
10848,P100040,3
10848,P100200,1
10848,P100305,3
10848,P100354,2
10848,P100473,2
10849,P100301,2
10849,P100316,2
10849,P100355,2
10849,P100407,3
10849,P100484,2
10850,P100113,2
10850,P100284,2
10850,P100412,2
10851,P100054,1
10851,P100218,2
10851,P100379,2
10851,P100396,2
10851,P100407,2
10851,P100453,2
10852,P100080,1
10852,P100151,3
10852,P100172,3
10852,P100305,3
10852,P100440,3
10853,P100037,2
10853,P100258,3
10853,P100441,3
10854,P100138,2
10854,P100235,3
10854,P100249,2
10854,P100315,2
10854,P100321,2
10854,P100420,2
10855,P100085,1
10855,P100086,3
10855,P100140,3
10855,P100226,2
10855,P100227,1
10855,P100411,3
10855,P100431,3
10855,P100477,2
10856,P100111,3
10856,P100265,2
10856,P100307,2
10856,P100398,2
10857,P100043,1
10857,P100152,1
10857,P100177,2
10857,P100305,2
10857,P100315,2
10858,P100042,2
10858,P100083,1
10858,P100210,2
10858,P100256,3
10858,P100314,3
10858,P100423,2
10858,P100430,3
10858,P100467,3
10859,P100100,2
10859,P100261,2
10859,P100400,1
10859,P100430,3
10859,P100455,3
10859,P100458,2
10860,P100029,2
10860,P100211,2
10861,P100016,1
10861,P100243,2
10861,P100247,3
10861,P100298,2
10861,P100305,3
10861,P100415,2
10862,P100035,2
10862,P100149,2
10863,P100209,3
10863,P100264,3
10863,P100310,3
10863,P100430,3
10864,P100080,2
10864,P100222,3
10864,P100259,3
10864,P100355,3
10865,P100032,2
10865,P100149,2
10865,P100397,2
10865,P100415,1
10866,P100086,3
10866,P100167,2
10866,P100254,3
10866,P100257,1
10866,P100354,3
10866,P100391,2
10866,P100435,3
10867,P100037,3
10867,P100115,3
10867,P100136,3
10867,P100286,2
10867,P100356,3
10867,P100366,2
10868,P100143,3
10868,P100200,2
10869,P100075,2
10869,P100137,1
10869,P100271,2
10869,P100272,3
10869,P100341,2
10869,P100405,2
10870,P100046,3
10870,P100052,3
10870,P100106,1
10870,P100150,3
10870,P100188,2
10870,P100195,3
10870,P100264,1
10870,P100409,3
10871,P100062,3
10871,P100229,2
10871,P100266,2
10871,P100318,2
10871,P100324,2
10871,P100421,2
10871,P100449,2
10872,P100024,3
10872,P100186,1
10872,P100236,2
10872,P100315,2
10872,P100358,1
10873,P100001,2
10873,P100089,2
10873,P100169,2
10873,P100235,3
10873,P100428,2
10873,P100488,3
10874,P100026,2
10874,P100051,1
10874,P100078,3
10874,P100101,2
10874,P100239,2
10874,P100346,3
10874,P100402,1
10875,P100112,3
10875,P100236,2
10875,P100383,3
10876,P100060,3
10876,P100178,4
10876,P100245,2
10876,P100290,2
10876,P100335,3
10876,P100359,3
10876,P100399,2
10876,P100468,3
10877,P100209,3
10877,P100256,2
10877,P100266,2
10877,P100314,3
10877,P100334,3
10877,P100410,1
10877,P100435,2
10877,P100450,3
10877,P100453,4
10878,P100175,1
10878,P100344,3
10878,P100465,2
10878,P100478,3
10879,P100354,2
10879,P100370,1
10879,P100390,2
10879,P100446,3
10879,P100459,3
10879,P100469,2
10879,P100486,2
10880,P100121,2
10880,P100391,2
10880,P100409,1
10880,P100417,2
10880,P100447,2
10880,P100461,3
10881,P100238,5
10881,P100422,2
10881,P100457,3
10882,P100195,2
10882,P100198,3
10882,P100206,2
10882,P100211,1
10882,P100288,2
10882,P100291,3
10882,P100439,2
10882,P100466,1
10883,P100079,2
10883,P100128,1
10883,P100208,3
10883,P100291,2
10883,P100377,2
10883,P100396,3
10883,P100424,2
10883,P100456,2
10884,P100010,3
10884,P100281,3
10884,P100293,2
10885,P100060,3
10885,P100186,2
10885,P100249,3
10885,P100282,2
10885,P100361,2
10885,P100380,3
10886,P100185,1
10886,P100297,3
10886,P100332,2
10886,P100363,2
10886,P100449,2
10886,P100463,3
10887,P100024,2
10887,P100052,3
10887,P100084,3
10887,P100192,1
10888,P100022,3
10888,P100143,1
10888,P100197,3
10888,P100235,2
10888,P100392,1
10888,P100454,1
10889,P100029,1
10889,P100077,2
10889,P100300,2
10889,P100363,2
10890,P100064,3
10890,P100109,2
10890,P100243,3
10890,P100387,2
10890,P100389,3
10890,P100497,3
10891,P100160,4
10891,P100350,1
10891,P100388,2
10891,P100391,2
10892,P100068,2
10892,P100253,3
10892,P100400,2
10893,P100183,3
10893,P100226,2
10893,P100244,3
10893,P100268,3
10893,P100322,1
10894,P100043,3
10894,P100128,3
10894,P100137,2
10894,P100217,2
10894,P100483,2
10895,P100154,2
10895,P100172,2
10895,P100332,2
10896,P100013,2
10896,P100022,3
10896,P100056,2
10897,P100026,2
10897,P100225,2
10897,P100329,3
10897,P100381,3
10898,P100112,1
10898,P100295,2
10898,P100304,3
10898,P100441,1
10899,P100084,3
10899,P100227,3
10899,P100287,2
10899,P100383,3
10900,P100014,2
10900,P100022,3
10900,P100077,3
10900,P100101,2
10900,P100155,5
10900,P100366,1
10900,P100473,2
10901,P100177,3
10901,P100190,2
10901,P100216,1
10901,P100244,2
10901,P100407,2
10901,P100445,3
10902,P100071,3
10902,P100116,2
10902,P100233,2
10902,P100303,2
10902,P100305,2
10902,P100418,3
10902,P100430,2
10902,P100474,2
10903,P100063,1
10903,P100224,2
10903,P100294,1
10904,P100237,2
10904,P100259,2
10904,P100355,3
10905,P100069,2
10905,P100090,2
10905,P100164,2
10905,P100261,3
10905,P100268,2
10905,P100293,3
10905,P100347,3
10905,P100371,3
10906,P100093,2
10906,P100118,2
10906,P100227,2
10906,P100260,2
10906,P100271,2
10906,P100443,2
10907,P100064,2
10907,P100235,2
10907,P100413,3
10908,P100098,2
10908,P100224,1
10908,P100235,2
10908,P100251,2
10908,P100492,2
10909,P100060,3
10909,P100088,2
10909,P100162,2
10909,P100194,1
10909,P100231,2
10909,P100313,3
10909,P100428,4
10909,P100477,1
10909,P100491,3
10910,P100220,1
10910,P100290,2
10910,P100455,2
10911,P100085,2
10911,P100101,3
10911,P100234,2
10911,P100278,3
10911,P100294,3
10911,P100300,2
10911,P100315,2
10911,P100329,1
10911,P100469,1
10912,P100006,2
10912,P100201,3
10912,P100278,2
10912,P100281,3
10912,P100453,2
10912,P100492,2
10913,P100036,2
10913,P100164,2
10913,P100356,2
10913,P100357,2
10913,P100406,2
10914,P100053,2
10914,P100089,2
10914,P100195,2
10914,P100287,3
10914,P100294,3
10914,P100418,1
10915,P100013,3
10915,P100108,3
10915,P100125,3
10915,P100164,3
10915,P100188,2
10915,P100211,3
10915,P100310,3
10915,P100359,2
10915,P100380,2
10915,P100439,3
10915,P100446,3
10916,P100039,1
10916,P100056,2
10917,P100042,2
10917,P100089,3
10917,P100230,2
10918,P100103,2
10918,P100114,3
10918,P100189,2
10918,P100194,2
10918,P100279,1
10918,P100346,2
10918,P100401,3
10919,P100042,2
10919,P100337,1
10919,P100447,3
10920,P100030,3
10920,P100196,2
10920,P100354,2
10920,P100355,2
10921,P100222,2
10921,P100259,3
10921,P100348,2
10921,P100462,2
10922,P100017,1
10922,P100022,3
10922,P100148,2
10922,P100153,3
10922,P100207,3
10922,P100237,2
10922,P100247,3
10922,P100327,3
10922,P100385,2
10922,P100485,2
10923,P100065,3
10923,P100100,1
10923,P100197,3
10923,P100269,2
10923,P100360,3
10923,P100493,2
10924,P100123,3
10924,P100192,2
10924,P100205,2
10924,P100254,3
10924,P100364,3
10924,P100416,2
10925,P100003,2
10925,P100018,2
10925,P100046,1
10925,P100205,3
10925,P100208,2
10925,P100427,3
10926,P100002,2
10926,P100018,1
10926,P100192,2
10926,P100257,2
10926,P100370,2
10927,P100001,3
10927,P100030,5
10927,P100174,2
10927,P100333,1
10927,P100348,3
10927,P100418,2
10927,P100422,2
10928,P100010,3
10928,P100368,2
10928,P100468,3
10929,P100015,2
10929,P100307,2
10929,P100353,3
10929,P100454,2
10930,P100015,3
10930,P100023,3
10930,P100040,2
10930,P100050,2
10930,P100219,2
10930,P100343,4
10930,P100388,2
10930,P100394,2
10931,P100213,2
10931,P100268,2
10931,P100276,2
10931,P100299,1
10931,P100331,3
10931,P100335,2
10931,P100400,2
10932,P100060,2
10932,P100209,2
10932,P100224,2
10932,P100271,2
10932,P100275,2
10933,P100035,2
10933,P100088,2
10933,P100196,2
10934,P100028,4
10934,P100055,1
10934,P100093,2
10934,P100157,2
10934,P100321,3
10935,P100179,2
10935,P100188,3
10935,P100265,2
10935,P100338,2
10935,P100414,2
10936,P100059,2
10936,P100256,3
10936,P100381,2
10937,P100093,2
10937,P100145,1
10937,P100217,3
10937,P100244,3
10937,P100377,2
10937,P100402,2
10938,P100009,2
10938,P100120,2
10938,P100317,3
10938,P100324,1
10938,P100403,3
10938,P100443,2
10938,P100466,3
10939,P100075,1
10939,P100227,4
10939,P100446,3
10940,P100104,2
10940,P100120,2
10940,P100140,2
10940,P100224,2
10940,P100352,1
10940,P100487,3
10941,P100043,2
10941,P100086,1
10941,P100089,2
10941,P100155,3
10941,P100242,3
10941,P100317,3
10941,P100340,1
10941,P100353,2
10941,P100423,2
10942,P100027,1
10942,P100064,2
10942,P100131,2
10942,P100159,5
10942,P100186,2
10942,P100346,2
10942,P100499,2
10943,P100025,2
10943,P100037,2
10943,P100166,1
10943,P100320,2
10943,P100484,2
10944,P100149,2
10945,P100008,2
10945,P100221,2
10945,P100333,1
10945,P100499,2
10946,P100109,2
10946,P100223,3
10946,P100456,2
10946,P100495,3
10947,P100086,2
10947,P100115,3
10947,P100124,2
10947,P100406,3
10947,P100449,2
10948,P100139,3
10948,P100241,3
10948,P100421,2
10949,P100177,3
10949,P100204,2
10949,P100272,4
10949,P100329,2
10949,P100372,2
10949,P100390,2
10949,P100496,2
10950,P100058,1
10950,P100078,3
10950,P100169,2
10950,P100255,3
10950,P100256,1
10950,P100474,3
10951,P100031,2
10951,P100479,2
10952,P100120,3
10952,P100149,2
10952,P100221,2
10952,P100365,3
10953,P100207,2
10953,P100335,3
10954,P100150,2
10955,P100251,3
10955,P100326,3
10955,P100343,2
10956,P100017,1
10956,P100051,2
10956,P100102,2
10956,P100242,2
10956,P100361,2
10956,P100367,1
10956,P100447,2
10957,P100207,3
10957,P100262,2
10957,P100424,3
10958,P100023,2
10958,P100064,1
10958,P100067,3
10958,P100071,3
10958,P100306,3
10958,P100322,3
10958,P100443,2
10959,P100315,2
10959,P100409,2
10959,P100453,3
10960,P100048,1
10960,P100128,3
10960,P100210,2
10960,P100278,3
10961,P100297,2
10961,P100448,1
10962,P100056,2
10962,P100265,1
10962,P100354,2
10962,P100405,3
10962,P100430,2
10962,P100475,2
10963,P100085,1
10963,P100087,3
10963,P100193,2
10963,P100301,3
10963,P100339,2
10963,P100374,2
10963,P100490,2
10964,P100073,1
10964,P100308,2
10964,P100485,3
10965,P100003,2
10965,P100064,2
10965,P100098,2
10965,P100119,2
10965,P100425,4
10965,P100427,3
10965,P100459,2
10966,P100057,2
10966,P100133,2
10966,P100161,2
10966,P100178,3
10966,P100312,2
10966,P100315,1
10966,P100320,2
10966,P100419,3
10966,P100454,2
10967,P100010,1
10967,P100095,3
10967,P100142,1
10967,P100169,2
10967,P100215,2
10967,P100318,1
10967,P100473,3
10968,P100006,2
10968,P100039,2
10968,P100142,3
10968,P100172,2
10968,P100187,1
10968,P100274,3
10968,P100289,2
10968,P100422,3
10968,P100473,3
10969,P100017,3
10969,P100109,3
10969,P100199,3
10969,P100278,1
10969,P100284,1
10969,P100402,2
10969,P100435,3
10969,P100443,2
10969,P100499,2
10970,P100054,2
10970,P100086,5
10970,P100143,3
10970,P100169,3
10970,P100242,2
10970,P100300,2
10970,P100324,3
10970,P100339,2
10970,P100381,2
10970,P100422,3
10970,P100454,2
10971,P100153,2
10971,P100207,2
10971,P100337,1
10971,P100421,2
10971,P100454,1
10972,P100212,1
10972,P100216,2
10972,P100282,2
10972,P100309,3
10972,P100359,2
10973,P100006,2
10973,P100160,3
10973,P100258,2
10973,P100445,3
10973,P100488,3
10974,P100269,2
10974,P100455,3
10975,P100043,2
10975,P100116,1
10975,P100143,3
10975,P100265,2
10975,P100385,3
10975,P100461,3
10976,P100209,2
10976,P100393,2
10976,P100408,2
10976,P100473,3
10977,P100194,3
10977,P100204,2
10977,P100316,3
10977,P100363,3
10977,P100386,2
10978,P100160,2
10978,P100347,2
10978,P100353,2
10978,P100389,3
10978,P100415,2
10978,P100432,4
10979,P100010,2
10979,P100092,2
10979,P100158,1
10979,P100202,3
10979,P100215,2
10979,P100418,2
10979,P100425,3
10980,P100153,2
10980,P100303,3
10981,P100020,1
10981,P100046,2
10981,P100207,2
10981,P100379,2
10981,P100430,1
10982,P100017,2
10982,P100071,2
10982,P100147,2
10982,P100468,2
10984,P100066,2
10984,P100078,3
10984,P100091,2
10984,P100134,3
10984,P100270,3
10984,P100372,2
10984,P100406,3
10984,P100429,1
10985,P100033,4
10985,P100055,3
10985,P100289,1
10985,P100399,3
10985,P100488,3
10986,P100226,3
10986,P100353,3
10986,P100368,1
10986,P100419,2
10986,P100422,2
10986,P100465,2
10987,P100066,1
10987,P100090,1
10987,P100206,2
10987,P100271,3
10987,P100329,2
10987,P100388,1
10987,P100472,2
10987,P100473,2
10988,P100058,2
10988,P100265,3
10988,P100335,2
10988,P100341,1
10988,P100356,3
10988,P100432,2
10988,P100439,3
10988,P100469,3
10989,P100015,1
10989,P100132,3
10989,P100242,2
10989,P100460,2
10990,P100018,3
10990,P100038,2
10990,P100109,2
10990,P100246,3
10990,P100322,3
10991,P100094,2
10991,P100196,3
10991,P100259,3
10991,P100278,3
10991,P100402,1
10992,P100016,2
10992,P100376,3
10992,P100424,2
10993,P100211,2
10993,P100323,2
10993,P100416,3
10993,P100454,1
10994,P100021,2
10994,P100089,3
10994,P100128,3
10994,P100269,2
10994,P100287,2
10994,P100321,2
10994,P100390,1
10994,P100429,2
10995,P100189,3
10995,P100234,2
10995,P100455,2
10996,P100053,2
10996,P100252,2
10996,P100460,3
10996,P100461,2
10997,P100056,3
10997,P100178,3
10997,P100234,1
10997,P100444,2
10998,P100111,2
10998,P100119,3
10998,P100125,2
10998,P100206,2
10998,P100230,2
10998,P100362,2
10998,P100438,3
10999,P100224,3
10999,P100225,3
10999,P100333,1
10999,P100389,2
10999,P100416,2
