CustomerID,UserName
10000,user_0
10001,user_1
10002,user_2
10003,user_3
10004,user_4
10005,user_5
10006,user_6
10007,user_7
10008,user_8
10009,user_9
10010,user_10
10011,user_11
10012,user_12
10013,user_13
10014,user_14
10015,user_15
10016,user_16
10017,user_17
10018,user_18
10019,user_19
10020,user_20
10021,user_21
10022,user_22
10023,user_23
10024,user_24
10025,user_25
10026,user_26
10027,user_27
10028,user_28
10029,user_29
10030,user_30
10031,user_31
10032,user_32
10033,user_33
10034,user_34
10035,user_35
10036,user_36
10037,user_37
10038,user_38
10039,user_39
10040,user_40
10041,user_41
10042,user_42
10043,user_43
10044,user_44
10045,user_45
10046,user_46
10047,user_47
10048,user_48
10049,user_49
10050,user_50
10051,user_51
10052,user_52
10053,user_53
10054,user_54
10055,user_55
10056,user_56
10057,user_57
10058,user_58
10059,user_59
10060,user_60
10061,user_61
10062,user_62
10063,user_63
10064,user_64
10065,user_65
10066,user_66
10067,user_67
10068,user_68
10069,user_69
10070,user_70
10071,user_71
10072,user_72
10073,user_73
10074,user_74
10075,user_75
10076,user_76
10077,user_77
10078,user_78
10079,user_79
10080,user_80
10081,user_81
10082,user_82
10083,user_83
10084,user_84
10085,user_85
10086,user_86
10087,user_87
10088,user_88
10089,user_89
10090,user_90
10091,user_91
10092,user_92
10093,user_93
10094,user_94
10095,user_95
10096,user_96
10097,user_97
10098,user_98
10099,user_99
10100,user_100
10101,user_101
10102,user_102
10103,user_103
10104,user_104
10105,user_105
10106,user_106
10107,user_107
10108,user_108
10109,user_109
10110,user_110
10111,user_111
10112,user_112
10113,user_113
10114,user_114
10115,user_115
10116,user_116
10117,user_117
10118,user_118
10119,user_119
10120,user_120
10121,user_121
10122,user_122
10123,user_123
10124,user_124
10125,user_125
10126,user_126
10127,user_127
10128,user_128
10129,user_129
10130,user_130
10131,user_131
10132,user_132
10133,user_133
10134,user_134
10135,user_135
10136,user_136
10137,user_137
10138,user_138
10139,user_139
10140,user_140
10141,user_141
10142,user_142
10143,user_143
10144,user_144
10145,user_145
10146,user_146
10147,user_147
10148,user_148
10149,user_149
10150,user_150
10151,user_151
10152,user_152
10153,user_153
10154,user_154
10155,user_155
10156,user_156
10157,user_157
10158,user_158
10159,user_159
10160,user_160
10161,user_161
10162,user_162
10163,user_163
10164,user_164
10165,user_165
10166,user_166
10167,user_167
10168,user_168
10169,user_169
10170,user_170
10171,user_171
10172,user_172
10173,user_173
10174,user_174
10175,user_175
10176,user_176
10177,user_177
10178,user_178
10179,user_179
10180,user_180
10181,user_181
10182,user_182
10183,user_183
10184,user_184
10185,user_185
10186,user_186
10187,user_187
10188,user_188
10189,user_189
10190,user_190
10191,user_191
10192,user_192
10193,user_193
10194,user_194
10195,user_195
10196,user_196
10197,user_197
10198,user_198
10199,user_199
10200,user_200
10201,user_201
10202,user_202
10203,user_203
10204,user_204
10205,user_205
10206,user_206
10207,user_207
10208,user_208
10209,user_209
10210,user_210
10211,user_211
10212,user_212
10213,user_213
10214,user_214
10215,user_215
10216,user_216
10217,user_217
10218,user_218
10219,user_219
10220,user_220
10221,user_221
10222,user_222
10223,user_223
10224,user_224
10225,user_225
10226,user_226
10227,user_227
10228,user_228
10229,user_229
10230,user_230
10231,user_231
10232,user_232
10233,user_233
10234,user_234
10235,user_235
10236,user_236
10237,user_237
10238,user_238
10239,user_239
10240,user_240
10241,user_241
10242,user_242
10243,user_243
10244,user_244
10245,user_245
10246,user_246
10247,user_247
10248,user_248
10249,user_249
10250,user_250
10251,user_251
10252,user_252
10253,user_253
10254,user_254
10255,user_255
10256,user_256
10257,user_257
10258,user_258
10259,user_259
10260,user_260
10261,user_261
10262,user_262
10263,user_263
10264,user_264
10265,user_265
10266,user_266
10267,user_267
10268,user_268
10269,user_269
10270,user_270
10271,user_271
10272,user_272
10273,user_273
10274,user_274
10275,user_275
10276,user_276
10277,user_277
10278,user_278
10279,user_279
10280,user_280
10281,user_281
10282,user_282
10283,user_283
10284,user_284
10285,user_285
10286,user_286
10287,user_287
10288,user_288
10289,user_289
10290,user_290
10291,user_291
10292,user_292
10293,user_293
10294,user_294
10295,user_295
10296,user_296
10297,user_297
10298,user_298
10299,user_299
10300,user_300
10301,user_301
10302,user_302
10303,user_303
10304,user_304
10305,user_305
10306,user_306
10307,user_307
10308,user_308
10309,user_309
10310,user_310
10311,user_311
10312,user_312
10313,user_313
10314,user_314
10315,user_315
10316,user_316
10317,user_317
10318,user_318
10319,user_319
10320,user_320
10321,user_321
10322,user_322
10323,user_323
10324,user_324
10325,user_325
10326,user_326
10327,user_327
10328,user_328
10329,user_329
10330,user_330
10331,user_331
10332,user_332
10333,user_333
10334,user_334
10335,user_335
10336,user_336
10337,user_337
10338,user_338
10339,user_339
10340,user_340
10341,user_341
10342,user_342
10343,user_343
10344,user_344
10345,user_345
10346,user_346
10347,user_347
10348,user_348
10349,user_349
10350,user_350
10351,user_351
10352,user_352
10353,user_353
10354,user_354
10355,user_355
10356,user_356
10357,user_357
10358,user_358
10359,user_359
10360,user_360
10361,user_361
10362,user_362
10363,user_363
10364,user_364
10365,user_365
10366,user_366
10367,user_367
10368,user_368
10369,user_369
10370,user_370
10371,user_371
10372,user_372
10373,user_373
10374,user_374
10375,user_375
10376,user_376
10377,user_377
10378,user_378
10379,user_379
10380,user_380
10381,user_381
10382,user_382
10383,user_383
10384,user_384
10385,user_385
10386,user_386
10387,user_387
10388,user_388
10389,user_389
10390,user_390
10391,user_391
10392,user_392
10393,user_393
10394,user_394
10395,user_395
10396,user_396
10397,user_397
10398,user_398
10399,user_399
10400,user_400
10401,user_401
10402,user_402
10403,user_403
10404,user_404
10405,user_405
10406,user_406
10407,user_407
10408,user_408
10409,user_409
10410,user_410
10411,user_411
10412,user_412
10413,user_413
10414,user_414
10415,user_415
10416,user_416
10417,user_417
10418,user_418
10419,user_419
10420,user_420
10421,user_421
10422,user_422
10423,user_423
10424,user_424
10425,user_425
10426,user_426
10427,user_427
10428,user_428
10429,user_429
10430,user_430
10431,user_431
10432,user_432
10433,user_433
10434,user_434
10435,user_435
10436,user_436
10437,user_437
10438,user_438
10439,user_439
10440,user_440
10441,user_441
10442,user_442
10443,user_443
10444,user_444
10445,user_445
10446,user_446
10447,user_447
10448,user_448
10449,user_449
10450,user_450
10451,user_451
10452,user_452
10453,user_453
10454,user_454
10455,user_455
10456,user_456
10457,user_457
10458,user_458
10459,user_459
10460,user_460
10461,user_461
10462,user_462
10463,user_463
10464,user_464
10465,user_465
10466,user_466
10467,user_467
10468,user_468
10469,user_469
10470,user_470
10471,user_471
10472,user_472
10473,user_473
10474,user_474
10475,user_475
10476,user_476
10477,user_477
10478,user_478
10479,user_479
10480,user_480
10481,user_481
10482,user_482
10483,user_483
10484,user_484
10485,user_485
10486,user_486
10487,user_487
10488,user_488
10489,user_489
10490,user_490
10491,user_491
10492,user_492
10493,user_493
10494,user_494
10495,user_495
10496,user_496
10497,user_497
10498,user_498
10499,user_499
10500,user_500
10501,user_501
10502,user_502
10503,user_503
10504,user_504
10505,user_505
10506,user_506
10507,user_507
10508,user_508
10509,user_509
10510,user_510
10511,user_511
10512,user_512
10513,user_513
10514,user_514
10515,user_515
10516,user_516
10517,user_517
10518,user_518
10519,user_519
10520,user_520
10521,user_521
10522,user_522
10523,user_523
10524,user_524
10525,user_525
10526,user_526
10527,user_527
10528,user_528
10529,user_529
10530,user_530
10531,user_531
10532,user_532
10533,user_533
10534,user_534
10535,user_535
10536,user_536
10537,user_537
10538,user_538
10539,user_539
10540,user_540
10541,user_541
10542,user_542
10543,user_543
10544,user_544
10545,user_545
10546,user_546
10547,user_547
10548,user_548
10549,user_549
10550,user_550
10551,user_551
10552,user_552
10553,user_553
10554,user_554
10555,user_555
10556,user_556
10557,user_557
10558,user_558
10559,user_559
10560,user_560
10561,user_561
10562,user_562
10563,user_563
10564,user_564
10565,user_565
10566,user_566
10567,user_567
10568,user_568
10569,user_569
10570,user_570
10571,user_571
10572,user_572
10573,user_573
10574,user_574
10575,user_575
10576,user_576
10577,user_577
10578,user_578
10579,user_579
10580,user_580
10581,user_581
10582,user_582
10583,user_583
10584,user_584
10585,user_585
10586,user_586
10587,user_587
10588,user_588
10589,user_589
10590,user_590
10591,user_591
10592,user_592
10593,user_593
10594,user_594
10595,user_595
10596,user_596
10597,user_597
10598,user_598
10599,user_599
10600,user_600
10601,user_601
10602,user_602
10603,user_603
10604,user_604
10605,user_605
10606,user_606
10607,user_607
10608,user_608
10609,user_609
10610,user_610
10611,user_611
10612,user_612
10613,user_613
10614,user_614
10615,user_615
10616,user_616
10617,user_617
10618,user_618
10619,user_619
10620,user_620
10621,user_621
10622,user_622
10623,user_623
10624,user_624
10625,user_625
10626,user_626
10627,user_627
10628,user_628
10629,user_629
10630,user_630
10631,user_631
10632,user_632
10633,user_633
10634,user_634
10635,user_635
10636,user_636
10637,user_637
10638,user_638
10639,user_639
10640,user_640
10641,user_641
10642,user_642
10643,user_643
10644,user_644
10645,user_645
10646,user_646
10647,user_647
10648,user_648
10649,user_649
10650,user_650
10651,user_651
10652,user_652
10653,user_653
10654,user_654
10655,user_655
10656,user_656
10657,user_657
10658,user_658
10659,user_659
10660,user_660
10661,user_661
10662,user_662
10663,user_663
10664,user_664
10665,user_665
10666,user_666
10667,user_667
10668,user_668
10669,user_669
10670,user_670
10671,user_671
10672,user_672
10673,user_673
10674,user_674
10675,user_675
10676,user_676
10677,user_677
10678,user_678
10679,user_679
10680,user_680
10681,user_681
10682,user_682
10683,user_683
10684,user_684
10685,user_685
10686,user_686
10687,user_687
10688,user_688
10689,user_689
10690,user_690
10691,user_691
10692,user_692
10693,user_693
10694,user_694
10695,user_695
10696,user_696
10697,user_697
10698,user_698
10699,user_699
10700,user_700
10701,user_701
10702,user_702
10703,user_703
10704,user_704
10705,user_705
10706,user_706
10707,user_707
10708,user_708
10709,user_709
10710,user_710
10711,user_711
10712,user_712
10713,user_713
10714,user_714
10715,user_715
10716,user_716
10717,user_717
10718,user_718
10719,user_719
10720,user_720
10721,user_721
10722,user_722
10723,user_723
10724,user_724
10725,user_725
10726,user_726
10727,user_727
10728,user_728
10729,user_729
10730,user_730
10731,user_731
10732,user_732
10733,user_733
10734,user_734
10735,user_735
10736,user_736
10737,user_737
10738,user_738
10739,user_739
10740,user_740
10741,user_741
10742,user_742
10743,user_743
10744,user_744
10745,user_745
10746,user_746
10747,user_747
10748,user_748
10749,user_749
10750,user_750
10751,user_751
10752,user_752
10753,user_753
10754,user_754
10755,user_755
10756,user_756
10757,user_757
10758,user_758
10759,user_759
10760,user_760
10761,user_761
10762,user_762
10763,user_763
10764,user_764
10765,user_765
10766,user_766
10767,user_767
10768,user_768
10769,user_769
10770,user_770
10771,user_771
10772,user_772
10773,user_773
10774,user_774
10775,user_775
10776,user_776
10777,user_777
10778,user_778
10779,user_779
10780,user_780
10781,user_781
10782,user_782
10783,user_783
10784,user_784
10785,user_785
10786,user_786
10787,user_787
10788,user_788
10789,user_789
10790,user_790
10791,user_791
10792,user_792
10793,user_793
10794,user_794
10795,user_795
10796,user_796
10797,user_797
10798,user_798
10799,user_799
10800,user_800
10801,user_801
10802,user_802
10803,user_803
10804,user_804
10805,user_805
10806,user_806
10807,user_807
10808,user_808
10809,user_809
10810,user_810
10811,user_811
10812,user_812
10813,user_813
10814,user_814
10815,user_815
10816,user_816
10817,user_817
10818,user_818
10819,user_819
10820,user_820
10821,user_821
10822,user_822
10823,user_823
10824,user_824
10825,user_825
10826,user_826
10827,user_827
10828,user_828
10829,user_829
10830,user_830
10831,user_831
10832,user_832
10833,user_833
10834,user_834
10835,user_835
10836,user_836
10837,user_837
10838,user_838
10839,user_839
10840,user_840
10841,user_841
10842,user_842
10843,user_843
10844,user_844
10845,user_845
10846,user_846
10847,user_847
10848,user_848
10849,user_849
10850,user_850
10851,user_851
10852,user_852
10853,user_853
10854,user_854
10855,user_855
10856,user_856
10857,user_857
10858,user_858
10859,user_859
10860,user_860
10861,user_861
10862,user_862
10863,user_863
10864,user_864
10865,user_865
10866,user_866
10867,user_867
10868,user_868
10869,user_869
10870,user_870
10871,user_871
10872,user_872
10873,user_873
10874,user_874
10875,user_875
10876,user_876
10877,user_877
10878,user_878
10879,user_879
10880,user_880
10881,user_881
10882,user_882
10883,user_883
10884,user_884
10885,user_885
10886,user_886
10887,user_887
10888,user_888
10889,user_889
10890,user_890
10891,user_891
10892,user_892
10893,user_893
10894,user_894
10895,user_895
10896,user_896
10897,user_897
10898,user_898
10899,user_899
10900,user_900
10901,user_901
10902,user_902
10903,user_903
10904,user_904
10905,user_905
10906,user_906
10907,user_907
10908,user_908
10909,user_909
10910,user_910
10911,user_911
10912,user_912
10913,user_913
10914,user_914
10915,user_915
10916,user_916
10917,user_917
10918,user_918
10919,user_919
10920,user_920
10921,user_921
10922,user_922
10923,user_923
10924,user_924
10925,user_925
10926,user_926
10927,user_927
10928,user_928
10929,user_929
10930,user_930
10931,user_931
10932,user_932
10933,user_933
10934,user_934
10935,user_935
10936,user_936
10937,user_937
10938,user_938
10939,user_939
10940,user_940
10941,user_941
10942,user_942
10943,user_943
10944,user_944
10945,user_945
10946,user_946
10947,user_947
10948,user_948
10949,user_949
10950,user_950
10951,user_951
10952,user_952
10953,user_953
10954,user_954
10955,user_955
10956,user_956
10957,user_957
10958,user_958
10959,user_959
10960,user_960
10961,user_961
10962,user_962
10963,user_963
10964,user_964
10965,user_965
10966,user_966
10967,user_967
10968,user_968
10969,user_969
10970,user_970
10971,user_971
10972,user_972
10973,user_973
10974,user_974
10975,user_975
10976,user_976
10977,user_977
10978,user_978
10979,user_979
10980,user_980
10981,user_981
10982,user_982
10983,user_983
10984,user_984
10985,user_985
10986,user_986
10987,user_987
10988,user_988
10989,user_989
10990,user_990
10991,user_991
10992,user_992
10993,user_993
10994,user_994
10995,user_995
10996,user_996
10997,user_997
10998,user_998
10999,user_999
